year,gender,team,name,leg,km,n_track_races,actual_sec,formula_sec,actual_minus_formula_sec,actual_over_raw
2024,男子,南関中,坂梨天飛,1,3.0,7,556.0,575.4494118486405,-19.449411848640466,0.9662013524591868
2024,男子,南関中,奈良原優,3,3.0,3,588.0,598.4658689456671,-10.465868945667125,0.9825121707206041
2024,男子,南関中,田崎空汰,4,3.0,4,553.0,584.1686227030386,-31.168622703038636,0.9466444764547322
2024,男子,南関中,内田健太,5,2.855,2,587.0,580.2356595211352,6.764340478864824,1.0116579192744675
2024,男子,玉名高附,草野愛斗,1,3.0,5,561.0,564.8808302271822,-3.880830227182173,0.9931298248771845
2024,男子,玉名高附,草野瑠唯,2,2.855,3,571.0,589.3193066652588,-18.31930666525875,0.96891446375833
2024,男子,玉名高附,亀井遼希,3,3.0,4,564.0,578.0034984487116,-14.003498448711639,0.9757726406738103
2024,男子,玉名高附,星先理一,4,3.0,4,640.0,624.6823445068204,15.317655493179586,1.0245207114109696
2024,男子,玉名高附,秋原康秀,5,2.855,3,582.0,579.7540041031174,2.2459958968826186,1.0038740498228333
2024,男子,菊水中,隈部侑成,1,3.0,8,570.0,578.19,-8.190000000000055,0.985835106106989
2024,男子,菊水中,近藤弘樹,3,3.0,4,642.0,641.12,0.8799999999999955,1.0013725979535812
2024,男子,菊水中,辻本愛琉,4,3.0,8,575.0,565.04,9.960000000000036,1.0176270706498656
2024,男子,菊水中,丸山白虎,5,2.855,8,581.0,623.6130428480194,-42.613042848019404,0.931667492627468
2024,男子,菊水中,石原佳維斗,6,3.0,8,594.0,605.18,-11.17999999999995,0.9815261575068576
2024,男子,長洲中,村上琥童,2,2.855,5,591.0,570.453970536064,20.54602946393595,1.0360169803790278
2024,男子,玉名中,隈元陽太,5,2.855,7,606.0,617.020572790815,-11.020572790814981,0.9821390513107717
2024,男子,玉名中,中原和真,6,3.0,8,625.0,607.66,17.340000000000032,1.028535694302735
2024,男子,荒尾第四中,吉田慶仁,1,3.0,8,580.0,579.38,0.6200000000000045,1.0010701094273189
2024,男子,荒尾第四中,藤原尚己,4,3.0,6,647.0,636.6809635471102,10.319036452889804,1.0162075467050244
2024,男子,荒尾第四中,本戸優貴,5,2.855,5,604.0,621.0962231512015,-17.096223151201457,0.972474115098524
2024,男子,荒尾第四中,猿渡勇雅,6,3.0,5,594.0,574.07,19.92999999999995,1.034717020572404
2024,男子,荒尾三中,江口大尊,1,3.0,1,558.0,592.06,-34.059999999999945,0.9424720467520185
2024,男子,荒尾三中,徳永大河,6,3.0,1,584.0,631.56,-47.559999999999945,0.9246944074988918
2024,男子,玉南中,木下幹都,4,3.0,2,664.0,630.420205957548,33.57979404245202,1.0532657324830628
2024,男子,有明中,米村和真,1,3.0,10,541.0,541.99,-0.9900000000000091,0.9981733980331741
2024,男子,有明中,堀尾友輝,4,3.0,4,665.0,648.9368981075455,16.063101892454483,1.0247529489219958
2024,男子,玉陵中,辛嶋大宙,2,2.855,1,638.0,624.5719902236202,13.428009776379781,1.021499538862721
2024,男子,玉東中,大城戸秀亮,1,3.0,1,620.0,642.449847843991,-22.44984784399105,0.9650558749148577
2024,男子,玉東中,稲生敦士,6,3.0,3,649.0,660.428109827526,-11.428109827525986,0.982695906401515
2024,男子,天水中,山本悠斗,1,3.0,5,585.0,558.0695505080846,26.930449491915397,1.0482564394839264
2024,男子,天水中,大久保太晴,2,2.855,5,575.0,564.3330225109801,10.666977489019928,1.0189019197238496
2024,男子,天水中,木村幹太,3,3.0,5,635.0,662.8129141269417,-27.812914126941678,0.9580380624243314
2024,男子,天水中,田上遥睦,4,3.0,3,717.0,665.5285219404818,51.47147805951818,1.0773392519819327
2024,男子,天水中,中村七皇,5,2.855,5,645.0,627.994698132272,17.005301867728008,1.0270787347700605
2024,男子,岱明中,今村昇磨,3,3.0,5,617.0,618.7019970729965,-1.7019970729965053,0.9972490842424164
2024,男子,岱明中,田上侑蕾,4,3.0,4,895.0,640.6891175003057,254.31088249969434,1.396933357463455
2024,男子,岱明中,倉田裕斗,6,3.0,3,620.0,633.1802302601516,-13.180230260151575,0.9791840780393029
2024,女子,南関中,田畑結愛,1,3.0,7,661.0,637.2680637108108,23.731936289189207,1.0372401154876618
2024,女子,南関中,米田美空,2,1.855,5,409.0,404.925027267794,4.0749727322059925,1.010063524005176
2024,女子,南関中,川下結音,3,2.0,4,422.0,429.8473138871221,-7.847313887122084,0.9817439503898289
2024,女子,南関中,稗島葵音,4,2.0,7,418.0,407.2548429570717,10.745157042928327,1.0263843566964308
2024,女子,南関中,平山果朋,5,3.0,7,635.0,655.8884240638915,-20.888424063891534,0.9681524733513871
2024,女子,荒尾三中,内野花笑,1,3.0,6,655.0,674.0750630237724,-19.075063023772373,0.9717018710969587
2024,女子,玉名中,東果凛,1,3.0,12,627.0,641.6122035764618,-14.612203576461752,0.9772258016680314
2024,女子,玉名中,川原芽吹,3,2.0,4,413.0,451.780426899011,-38.78042689901099,0.9141608963336524
2024,女子,玉名中,堺菜々美,4,2.0,8,452.0,444.30837167034326,7.691628329656737,1.0173114638842853
2024,女子,玉名中,内田愛祐,5,3.0,8,679.0,656.9159999371973,22.084000062802716,1.0336176924673992
2024,女子,長洲中,福田みさ,1,3.0,8,617.0,638.8680298443676,-21.868029844367584,0.9657706618224506
2024,女子,長洲中,中村羽音,2,1.855,6,403.0,401.58810427123996,1.4118957287600438,1.0035157807558124
2024,女子,長洲中,猿渡愛梨,3,2.0,5,429.0,452.79042425381,-23.790424253809988,0.9474581992474418
2024,女子,長洲中,中島美羽,5,3.0,8,688.0,679.0383194289533,8.961680571046713,1.0131976065483066
2024,女子,玉名高附,鹿子木歩,1,3.0,6,616.0,656.0924410640632,-40.09244106406322,0.938892085086302
2024,女子,玉名高附,中岡希海,4,2.0,6,463.0,457.21657766786177,5.78342233213823,1.0126491964959754
2024,女子,玉名高附,大木莉子,5,3.0,3,671.0,678.4193986743135,-7.41939867431347,0.9890636991088233
2024,女子,岱明中,瀧下那奈,2,1.855,4,419.0,410.84879122747714,8.151208772522864,1.0198399239490759
2024,女子,荒尾第四中,中尾彩朱,2,1.855,5,440.0,403.91002340466713,36.08997659533287,1.08935152510235
2024,女子,荒尾第四中,宮本奈英,3,2.0,2,466.0,464.5896246062078,1.4103753937922079,1.0030357444916849
2024,女子,荒尾第四中,池田結衣,4,2.0,4,476.0,479.7448179027743,-3.7448179027742867,0.9921941462147629
2024,女子,荒尾第四中,高田春陽,5,3.0,4,721.0,716.4644352814449,4.535564718555065,1.0063304813124092
2024,女子,荒尾海陽中,片山佳音,1,3.0,5,673.0,647.5149990298896,25.485000970110377,1.0393581631441622
2024,女子,荒尾海陽中,松尾心愛,2,1.855,3,458.0,449.29040614145026,8.709593858549738,1.0193852210941885
2024,女子,荒尾海陽中,時任幸菜,3,2.0,5,469.0,467.0512030585739,1.9487969414261102,1.0041725552330538
2024,女子,荒尾海陽中,森本愛永,5,3.0,5,716.0,724.1192622061002,-8.119262206100188,0.9887873964554346
2024,女子,菊水中,坂井優花,1,3.0,6,636.0,637.1314598046481,-1.1314598046481024,0.9982241344588525
2024,女子,菊水中,池松華凛,3,2.0,6,494.0,454.4811179236931,39.51888207630691,1.0869538480649092
2024,女子,玉東中,松本莉奈,1,3.0,3,744.0,726.1100279696855,17.88997203031454,1.024638100757729
2024,女子,玉東中,前田旭,2,1.855,2,469.0,433.59795192378544,35.402048076214555,1.0816471754978152
2024,女子,玉東中,坂村優奈,5,3.0,2,730.0,680.5427488216205,49.457251178379465,1.0726732468518931
2024,女子,有明中,上土井咲輝,2,1.855,4,428.0,429.36539108176055,-1.3653910817605492,0.9968199787171469
2024,女子,天水中,浦田咲希,1,3.0,4,720.0,758.9128508857646,-38.912850885764556,0.9487255343741413
2024,女子,天水中,竹原晴美,2,1.855,3,463.0,456.12742008732744,6.872579912672563,1.0150672369386535
2024,女子,天水中,花谷明優,3,2.0,3,495.0,476.33412456365295,18.66587543634705,1.0391865173494466
2024,女子,天水中,荒木優里,4,2.0,3,529.0,506.2233869087226,22.776613091277397,1.0449932059250835
2024,女子,天水中,竹原奈緒美,5,3.0,5,774.0,752.463583079264,21.536416920735974,1.0286212082618054
2024,女子,玉陵中,才田桃子,1,3.0,5,827.0,756.7803979199068,70.21960208009318,1.092787289777985
2025,男子,菊水中,丸山白虎,2,2.855,10,541.0,559.1947729928663,-18.19477299286632,0.9674625481645938
2025,男子,菊水中,石原佳維斗,3,3.0,10,562.0,592.1130792234629,-30.113079223462933,0.949143026425028
2025,男子,菊水中,辻本愛琉,4,3.0,12,565.0,590.0744509380991,-25.074450938099062,0.9575062928106178
2025,男子,菊水中,隈部侑成,6,3.0,10,552.0,590.2479512177046,-38.24795121770455,0.9352001965634992
2025,男子,玉陵中,永田來夢,1,3.0,9,570.0,592.8,-22.799999999999955,0.9615384615384616
2025,男子,玉陵中,辛嶋大宙,2,2.855,9,566.0,591.6891719568025,-25.68917195680251,0.9565833326443263
2025,男子,玉陵中,一瀬彪眞,3,3.0,9,566.0,576.66,-10.659999999999968,0.9815142371588111
2025,男子,玉陵中,居石楓摩,4,3.0,6,581.0,558.99,22.00999999999999,1.0393745863074473
2025,男子,玉陵中,柿本晴仁,5,2.855,9,575.0,597.0350483804947,-22.035048380494686,0.9630925379669644
2025,男子,玉陵中,松島颯希,6,3.0,9,624.0,623.88,0.12000000000000455,1.0001923446816696
2025,男子,玉名高附,小倉十和,1,3.0,3,582.0,610.6910853173829,-28.691085317382885,0.9530186603223922
2025,男子,玉名高附,草野瑠唯,3,3.0,5,554.0,584.7749432245721,-30.774943224572098,0.9473730131888474
2025,男子,玉名高附,秋原康秀,4,3.0,5,611.0,607.3277743501974,3.6722256498026127,1.0060465300697496
2025,男子,玉名高附,坂上蒼空,6,3.0,4,619.0,664.22789579905,-45.227895799049975,0.9319090690332391
2025,男子,長洲中,石川隼,3,3.0,7,590.0,611.52,-21.519999999999982,0.9648090005232862
2025,男子,荒尾三中,江口大尊,1,3.0,3,558.0,566.1037764877532,-8.10377648775318,0.9856849983619064
2025,男子,岱明中,倉田裕斗,1,3.0,3,572.0,613.8615415517496,-41.86154155174961,0.9318062157047174
2025,男子,岱明中,松野凛空,2,2.855,4,567.0,570.0456716843084,-3.045671684308445,0.9946571444436909
2025,男子,岱明中,今村昇磨,3,3.0,7,578.0,599.65,-21.649999999999977,0.9638956057700325
2025,男子,岱明中,山本哲瑠,5,2.855,3,577.0,587.121247992856,-10.121247992855956,0.9827612302783171
2025,男子,岱明中,案浦竜士,6,3.0,3,632.0,628.9765948782665,3.0234051217335036,1.0048068642718235
2025,男子,南関中,村上葉侑,1,3.0,6,569.0,592.2923529714462,-23.292352971446235,0.9606742297877191
2025,男子,南関中,田中翔大,6,3.0,6,604.0,602.6037370837721,1.3962629162278972,1.0023170498792207
2025,男子,玉名中,隈元陽太,6,3.0,8,629.0,620.1333743797414,8.86662562025856,1.01429793329399
2025,男子,荒尾第四中,藤原尚己,2,2.855,8,574.0,586.3243720767431,-12.324372076743089,0.9789802835023035
2025,男子,荒尾第四中,北村政人,3,3.0,7,623.0,617.0048099688431,5.995190031156881,1.0097166017740764
2025,男子,荒尾第四中,谷平陽生,4,3.0,8,661.0,634.91,26.090000000000032,1.0410924382983415
2025,男子,荒尾第四中,中田透和,5,2.855,3,617.0,603.068039245326,13.931960754674037,1.0231018058461667
2025,男子,荒尾海陽中,吉田理人,6,3.0,5,655.0,649.7529666960245,5.247033303975513,1.008075428005595
2025,男子,有明中,木下蓮士,6,3.0,3,665.0,642.7008036055631,22.299196394436876,1.0346960767270523
2025,男子,天水中,木村幹太,1,3.0,6,588.0,608.6146660259897,-20.614666025989663,0.9661285421191126
2025,男子,天水中,坂口昂輝,3,3.0,6,633.0,616.6349958373487,16.365004162651303,1.026539207591403
2025,男子,天水中,花谷勇輝,4,3.0,5,713.0,633.7558806896316,79.24411931036843,1.1250388702099896
2025,男子,天水中,田上遥睦,6,3.0,4,651.0,666.8510609863274,-15.851060986327411,0.9762299831046495
2025,女子,玉名中,川原芽吹,1,3.0,6,616.0,646.492125176019,-30.492125176019044,0.9528344986913537
2025,女子,玉名中,内田愛祐,2,1.855,7,403.0,403.14086522665883,-0.14086522665883194,0.9996505806312153
2025,女子,南関中,稗島葵音,1,3.0,7,660.0,658.3247675928554,1.6752324071445628,1.0025446899305794
2025,女子,南関中,米田美空,2,1.855,1,432.0,397.69124541986446,34.30875458013554,1.0862698260906245
2025,女子,南関中,福山結衣,3,2.0,6,417.0,435.69521290077927,-18.695212900779268,0.9570910757171052
2025,女子,南関中,堀田稔々,4,2.0,7,444.0,426.249960224392,17.750039775608002,1.0416423259400747
2025,女子,南関中,平山果朋,5,3.0,7,672.0,651.9875118360881,20.01248816391194,1.0306945881640492
2025,女子,玉東中,坂村優奈,1,3.0,5,663.0,658.8843891302524,4.11561086974757,1.0062463323424315
2025,女子,長洲中,中村羽音,1,3.0,8,668.0,653.1495776362524,14.850422363747612,1.0227366331882066
2025,女子,長洲中,山川綾,2,1.855,4,423.0,397.9237789651726,25.076221034827427,1.0630176490081589
2025,女子,長洲中,濵北愛,3,2.0,6,433.0,450.45348699161264,-17.453486991612635,0.9612535200733442
2025,女子,長洲中,村里唯花,4,2.0,4,473.0,482.80157496900944,-9.801574969009437,0.9796985439211987
2025,女子,長洲中,猿渡愛梨,5,3.0,5,676.0,684.4065535130585,-8.406553513058498,0.9877170178019079
2025,女子,荒尾三中,福島志帆,1,3.0,4,675.0,690.385045353255,-15.385045353255009,0.977715268520362
2025,女子,荒尾三中,佐藤妃葵,4,2.0,4,443.0,436.1923320801408,6.807667919859227,1.0156070325385924
2025,女子,荒尾第四中,松山杏海,1,3.0,9,633.0,623.9090528291373,9.090947170862705,1.0145709492908292
2025,女子,荒尾第四中,池田結衣,4,2.0,4,464.0,466.85610091376617,-2.85610091376617,0.9938822671307583
2025,女子,荒尾第四中,中尾杏朱,5,3.0,6,709.0,673.1508409785466,35.849159021453374,1.053255759094559
2025,女子,岱明中,村上咲稀,1,3.0,6,662.0,645.7390581733359,16.260941826664066,1.0251819084208147
2025,女子,岱明中,増岡里俐,2,1.855,2,421.0,425.1209984473961,-4.1209984473961185,0.9903062928849748
2025,女子,岱明中,角田亜美,3,2.0,2,464.0,477.1546442886436,-13.154644288643624,0.9724310672732632
2025,女子,岱明中,塚原優衣,4,2.0,2,483.0,479.2668305113562,3.733169488643796,1.0077893341474533
2025,女子,岱明中,高田麻由,5,3.0,3,692.0,673.9941584623677,18.00584153763225,1.0267151299630108
2025,女子,荒尾海陽中,片山佳音,1,3.0,5,674.0,644.7010399588827,29.29896004111731,1.045445808561106
2025,女子,荒尾海陽中,三原悠愛,3,2.0,1,453.0,487.12294761310034,-34.12294761310034,0.9299500305204208
2025,女子,荒尾海陽中,野田小遥,4,2.0,4,489.0,476.7599906183055,12.240009381694506,1.0256733149227153
2025,女子,荒尾海陽中,森本愛永,5,3.0,4,729.0,724.7413309229328,4.258669077067225,1.00587612282529
2025,女子,菊水中,坂井優花,1,3.0,8,605.0,639.4043008483217,-34.40430084832167,0.9461931976330529
2025,女子,玉名高附,鹿子木歩,1,3.0,5,616.0,639.3564435934263,-23.35644359342632,0.9634688227084187
2025,女子,玉名高附,大木莉子,5,3.0,7,630.0,646.1540988017234,-16.15409880172342,0.9749996187725486
2025,女子,玉南中,田中小羽,1,3.0,2,720.0,767.931841895901,-47.931841895901016,0.9375832081951896
2025,女子,有明中,上土井咲輝,1,3.0,4,710.0,696.1918027856466,13.808197214353413,1.019833898013598
2025,女子,三加和中,荒木蘭奈,5,3.0,2,759.0,771.9335073837825,-12.933507383782512,0.98324530900645
2025,女子,天水中,浦田咲希,1,3.0,6,761.0,736.0546613665506,24.94533863344941,1.0338906061502773
2025,女子,天水中,竹原奈緒美,2,1.855,5,525.0,451.9664939219921,73.03350607800792,1.1615905317322333
2025,女子,天水中,竹原晴美,3,2.0,3,510.0,485.085029917689,24.914970082311015,1.0513620675668731
2025,女子,天水中,荒木優里,4,2.0,4,537.0,500.5046069930215,36.495393006978475,1.0729171969589628
2025,女子,天水中,花谷明優,5,3.0,4,756.0,733.3498375911959,22.650162408804135,1.0308858899910611
