rank,gender,team,total_sec,total_time,baseline_total_sec,baseline_total_time,delta_sec,provisional_legs,complete_legs
1,男子,玉陵中,3405.589966068977,56:45.6,3409.4,56:49.4,-3.8100339310230993,0,6
2,男子,玉名高附,3447.136602887576,57:27.1,3497.3,58:17.3,-50.16339711242426,0,6
3,男子,菊水中,3478.394688183686,57:58.4,3500.0,58:20.0,-21.605311816314043,0,6
4,男子,南関中,3484.4971892315207,58:04.5,3653.6,60:53.6,-169.10281076847923,0,6
5,男子,荒尾第四中,3517.6321318055434,58:37.6,3542.1,59:02.1,-24.467868194456514,0,6
6,男子,岱明中,3569.9767980571214,59:30.0,3593.1,59:53.1,-23.123201942878495,0,6
7,男子,玉名中,3626.6096363358224,60:26.6,3610.9,60:10.9,15.709636335822324,0,6
8,男子,天水中,3893.7957669713587,64:53.8,3858.8,64:18.8,34.995766971358535,0,6
9,男子,荒尾海陽中,3894.2108782023843,64:54.2,3942.1,65:42.1,-47.889121797615644,0,6
1,女子,荒尾三中,2573.737836822199,42:53.7,2608.4,43:28.4,-34.662163177801176,0,5
2,女子,長洲中,2581.8108177495533,43:01.8,2608.0,43:28.0,-26.18918225044672,0,5
3,女子,玉名中,2594.091238730758,43:14.1,2604.4,43:24.4,-10.30876126924204,2,5
4,女子,南関中,2602.5230540211305,43:22.5,2622.8,43:42.8,-20.276945978869662,0,5
5,女子,岱明中,2670.227536373261,44:30.2,2628.2,43:48.2,42.02753637326123,0,5
6,女子,菊水中,2785.7093324308285,46:25.7,2736.2,45:36.2,49.509332430828636,0,5
7,女子,天水中,2822.829408314155,47:02.8,2897.4,48:17.4,-74.5705916858451,0,5
8,女子,荒尾海陽中,2847.913165428343,47:27.9,2809.7,46:49.7,38.21316542834302,0,5
9,女子,玉名高附,2861.7792403277817,47:41.8,,—,,0,5
10,女子,玉陵中,2865.9408959864827,47:45.9,2855.6,47:35.6,10.340895986482792,0,5
