gender,team,leg,km,name,baseline_sec,formula_sec,error_sec,best_sec,recent_sec,typical_sec,n_races,n_recent_races,latest_race,race_types,baseline_note,prediction_basis,cumulative_sec,leg_rank,passing_rank
男子,玉名高附,1,3.0,小倉 十和,573.1,561.5593615392283,-11.540638460771675,562.5794947551872,566.442445379409,557.0289895103745,13,2,2026-09-26,"aragyoku_prior,road_ekiden,track",※仮 / SB:3000m 9:28.13@2026/06/13→3000m SBを距離比例→区間3km=9:28.1 / 駅伝加味:SB9:28.1(w=0.02)+荒玉2025 9:42.0@3.0km(2025-10-15)→比例9:42.0(w=0.55)→加重9:41.6 / 前年伸び:荒玉2025 9:42.0@3.0km(2025-10-15)→比例9:42.0×-2%→9:33.3採用（ブレンド9:41.6より速い） / 3000mトラック優先:9:28.13@2026/06/13→区間3km比例9:28.1+5s=9:33.1（計算9:33.3より速い） →予想9:33.1,race_records,561.5593615392283,2,2
男子,玉名高附,2,2.855,中岡 謙太,567.5,559.812050424725,-7.687949575274956,557.910028847386,561.9138606051439,556.5467664947299,16,2,2026-09-26,"road,road_ekiden,track",※仮 / SB:3000m 9:51.09@2026/05/23→3000m SBを距離比例→区間2.855km=9:36.9＋区間バイアス+14s / 3000mトラック優先:9:51.09@2026/05/23→区間2.855km比例9:22.5+5s=9:27.5（計算9:36.9より速い） →予想9:27.5,race_records,1121.3714119639535,2,1
男子,玉名高附,3,3.0,草野 瑠唯,545.7,567.1547330291273,21.454733029127283,554.677870357408,570.8784858457456,568.3680034863314,18,2,2026-09-26,"aragyoku_prior,road,road_ekiden,track",※仮 / SB:3000m 9:28.42@2026/06/13→3000m SBを距離比例→区間3km=9:28.4 / 駅伝加味:SB9:28.4(w=0.02)+荒玉2025 9:14.0@3.0km(2025-10-15)→比例9:14.0(w=0.55)→加重9:14.4 / 前年伸び:荒玉2025 9:14.0@3.0km(2025-10-15)→比例9:14.0×-2%→9:05.7採用（ブレンド9:14.4より速い） →予想9:05.7,race_records,1688.5261449930808,2,1
男子,玉名高附,4,3.0,秋原 康秀,601.8,624.9126784622804,23.112678462280428,573.0776801393462,642.572727185182,642.572727185182,16,1,2026-09-20,"aragyoku_prior,road,road_ekiden,track",※仮 / SB:1500m 4:33.96@2026/07/04→1500m SB→3km式を距離比例→区間3km=9:42.9 / 駅伝加味:SB9:42.9(w=0.03)+荒玉2025 10:11.0@3.0km(2025-10-15)→比例10:11.0(w=0.55)→加重10:09.3 / 前年伸び:荒玉2025 10:11.0@3.0km(2025-10-15)→比例10:11.0×-2%→10:01.8採用（ブレンド10:09.3より速い） →予想10:01.8,race_records,2313.438823455361,7,2
男子,玉名高附,5,2.855,福島 圭希,600.1,579.034142324465,-21.06585767553497,580.6914108159583,580.0411770846223,574.1033397045941,8,2,2026-09-26,"road_ekiden,track",※仮 / SB:1500m 4:48.48@2026/07/04→1500m SB→3km式を距離比例→区間2.855km=10:00.1＋区間バイアス+18s →予想10:00.1,race_records,2892.472965779826,3,2
男子,玉名高附,6,3.0,小倉 由宇,609.1,618.9960945172705,9.896094517270512,614.9500535265288,620.9227764739932,616.2182871473983,6,2,2026-09-26,"road_ekiden,track",※仮 / SB:1500m 4:43.21@2026/07/04→1500m SB→3km式を距離比例→区間3km=10:01.4 / 駅伝加味:SB10:01.4(w=0.01)+ジュニアCS 8:48.0@2.6km(2026-09-26)→比例10:09.2(w=0.55)→加重10:09.1 →予想10:09.1,race_records,3511.469060297097,4,3
男子,菊水中,1,3.0,隈部侑成,537.5,548.860009651383,11.360009651383052,533.5350000000001,550.0690762761384,551.4272636559874,29,4,2026-09-21,"aragyoku_prior,road_ekiden,track",※仮 / SB:3000m 8:52.46@2026/09/12→3000m SBを距離比例→区間3km=8:52.5 / 駅伝加味:SB8:52.5(w=0.07)+なごみ 9:17.0@3.0km(2026-09-20)→比例9:17.0(w=0.45)+荒玉2025 9:12.0@3.0km(2025-10-15)→比例9:12.0(w=0.55)→加重9:12.8 / 前年伸び:荒玉2025 9:12.0@3.0km(2025-10-15)→比例9:12.0×-2%→9:01.0採用（ブレンド9:12.8より速い） / 3000mトラック優先:8:52.46@2026/09/12→区間3km比例8:52.5+5s=8:57.5（計算9:01.0より速い） →予想8:57.5,race_records,548.860009651383,1,1
男子,菊水中,2,2.855,川崎大芽,615.6,615.4033584123208,-0.1966415876792098,578.3262533467127,619.4639825442734,626.8079085955076,13,2,2026-09-21,"aragyoku_prior,road_ekiden,track",※仮 / SB:1500m 4:44.25@2026/06/27→1500m SB→3km式を距離比例→区間2.855km=9:34.3 / 駅伝加味:SB9:34.3(w=0.03)+荒玉2025 10:25.0@2.9km(2025-10-15)→比例10:25.0(w=0.55)→加重10:22.6 / 前年伸び:荒玉2025 10:25.0@2.9km(2025-10-15)→比例10:25.0×-2%→10:15.6採用（ブレンド10:22.6より速い） →予想10:15.6,race_records,1164.2633680637039,7,6
男子,菊水中,3,3.0,田中元稀,569.2,569.3676377687161,0.1676377687160766,571.6485915915769,572.7409796082151,564.24,4,2,2026-09-21,"aragyoku_prior,track",※仮 / SB:3000m 9:24.24@2026/09/12→3000m SBを距離比例→区間3km=9:24.2 / 駅伝加味:SB9:24.2(w=0.35)+荒玉2025 9:47.0@2.9km(2025-10-15)→比例10:16.8(w=0.55)→加重9:56.4 / 3000mトラック優先:9:24.24@2026/09/12→区間3km比例9:24.2+5s=9:29.2（計算9:56.4より速い） →予想9:29.2,race_records,1733.63100583242,3,3
男子,菊水中,4,3.0,津口晃誠,581.4,583.2020584838627,1.8020584838627656,578.6508302446953,582.4576921822903,580.9016604893906,19,3,2026-09-21,"road_ekiden,track",※仮 / SB:3000m 9:36.40@2026/09/12→3000m SBを距離比例→区間3km=9:36.4 / 駅伝加味:SB9:36.4(w=0.07)+なごみ 9:44.0@3.0km(2026-09-20)→比例9:44.0(w=0.45)→加重9:43.0 / 3000mトラック優先:9:36.40@2026/09/12→区間3km比例9:36.4+5s=9:41.4（計算9:43.0より速い） →予想9:41.4,race_records,2316.8330643162826,2,3
男子,菊水中,5,2.855,福原雅史,596.4,583.4521238081222,-12.947876191877754,562.8576208508982,594.245162996919,588.025592267571,4,4,2026-07-04,track,※仮 / SB:1500m 4:46.56@2026/06/27→1500m SB→3km式を距離比例→区間2.855km=9:56.4＋区間バイアス+18s →予想9:56.4,race_records,2900.285188124405,5,3
男子,菊水中,6,3.0,松山哲丈,599.9,607.0899557632616,7.189955763261651,603.5749414448973,611.4869568202455,604.171348656041,4,4,2026-07-19,track,※仮 / SB:3000m 9:54.85@2026/09/21→3000m SBを距離比例→区間3km=10:10.1＋区間バイアス+15s / 3000mトラック優先:9:54.85@2026/09/21→区間3km比例9:54.8+5s=9:59.8（計算10:10.0より速い） →予想9:59.8,race_records,3507.3751438876666,3,2
男子,玉陵中,1,3.0,柿本晴仁,559.5,570.1249260982828,10.624926098282799,558.5631720777938,574.9475849248997,570.9243575766487,27,3,2026-09-21,"aragyoku_prior,road,road_ekiden,track",※仮 / SB:3000m 9:14.53@2026/09/12→3000m SBを距離比例→区間3km=9:14.5 / 駅伝加味:SB9:14.5(w=0.35)+荒玉2025 9:35.0@2.9km(2025-10-15)→比例10:04.2(w=0.55)→加重9:45.0 / 3000mトラック優先:9:14.53@2026/09/12→区間3km比例9:14.5+5s=9:19.5（計算9:45.0より速い） →予想9:19.5,race_records,570.1249260982828,3,3
男子,玉陵中,2,2.855,内野翼,568.0,564.6469225347204,-3.3530774652796254,563.7912879519652,568.6459402141976,560.8979459464609,7,7,2026-07-19,track,※仮 / SB:1500m 4:33.34@2026/07/19→1500m SB→3km式を距離比例→区間2.855km=9:28.0＋区間バイアス+14s →予想9:28.0,race_records,1134.7718486330032,3,2
男子,玉陵中,3,3.0,永田來夢,561.5,565.8412691209039,4.341269120903917,553.5701541478184,567.6372228382384,566.9759357516311,26,3,2026-09-21,"aragyoku_prior,road,road_ekiden,track",※仮 / SB:3000m 9:20.09@2026/09/12→3000m SBを距離比例→区間3km=9:20.1 / 駅伝加味:SB9:20.1(w=0.35)+荒玉2025 9:30.0@3.0km(2025-10-15)→比例9:30.0(w=0.55)→加重9:26.2 / 前年伸び:荒玉2025 9:30.0@3.0km(2025-10-15)→比例9:30.0×-2%→9:21.4採用（ブレンド9:26.2より速い） →予想9:21.4,race_records,1700.613117753907,1,2
男子,玉陵中,4,3.0,辛嶋大宙,569.4,581.4393081311631,12.039308131163125,565.8421133874178,582.2877943850301,583.8857443617676,26,3,2026-09-21,"aragyoku_prior,road,road_ekiden,track",※仮 / SB:3000m 9:24.36@2026/09/12→3000m SBを距離比例→区間3km=9:24.4 / 駅伝加味:SB9:24.4(w=0.35)+荒玉2025 9:26.0@2.9km(2025-10-15)→比例9:54.7(w=0.55)→加重9:43.0 / 3000mトラック優先:9:24.36@2026/09/12→区間3km比例9:24.4+5s=9:29.4（計算9:43.0より速い） →予想9:29.4,race_records,2282.05242588507,1,1
男子,玉陵中,5,2.855,松島颯希,569.7,571.9518789044338,2.251878904433738,557.204317854328,573.1538208206059,574.1033397045941,27,3,2026-09-21,"aragyoku_prior,road,road_ekiden,track",※仮 / SB:3000m 9:53.36@2026/09/12→3000m SBを距離比例→区間2.855km=9:24.7 / 駅伝加味:SB9:24.7(w=0.35)+荒玉2025 10:24.0@3.0km(2025-10-15)→比例9:53.8(w=0.55)→加重9:42.5 / 3000mトラック優先:9:53.36@2026/09/12→区間2.855km比例9:24.7+5s=9:29.7（計算9:42.5より速い） →予想9:29.7,race_records,2854.0043047895037,1,1
男子,玉陵中,6,3.0,宮川晴,581.3,586.8563343623991,5.556334362399184,580.752377787098,589.2885477029743,585.194755574196,20,3,2026-09-21,"road_ekiden,track",※仮 / SB:3000m 9:36.31@2026/09/12→3000m SBを距離比例→区間3km=9:51.5＋区間バイアス+15s / 3000mトラック優先:9:36.31@2026/09/12→区間3km比例9:36.3+5s=9:41.3（計算9:51.5より速い） →予想9:41.3,race_records,3440.860639151903,1,1
男子,南関中,1,3.0,永清 芯,609.4,584.1265004060078,-25.273499593992142,586.3584890953776,592.3600653397601,578.9122712411393,14,2,2026-09-26,"road_ekiden,track",※仮 / SB:3000m 9:55.22@2026/05/09→3000m SBを距離比例→区間3km=9:49.4＋区間バイアス-6s / 人間+20s(直近フォーム上がらず。Jr以降も調子が乗りきれていない) →予想10:09.4,race_records,584.1265004060078,7,7
男子,南関中,2,2.855,田中 翔大,562.4,555.5858441306143,-6.814155869385672,538.7413410417905,560.5823215326758,558.7552854093916,19,2,2026-09-26,"aragyoku_prior,road,road_ekiden,track",※仮 / SB:3000m 9:24.66@2026/06/13→3000m SBを距離比例→区間2.855km=8:57.4 / 駅伝加味:SB8:57.4(w=0.02)+荒玉2025 10:04.0@3.0km(2025-10-15)→比例9:34.8(w=0.55)→加重9:33.7 / 前年伸び:荒玉2025 10:04.0@3.0km(2025-10-15)→比例9:34.8×-2%→9:26.2採用（ブレンド9:33.7より速い） / 3000mトラック優先:9:24.66@2026/06/13→区間2.855km比例8:57.4+5s=9:02.4（計算9:26.2より速い） / 人間+20s(直近フォーム上がらず。Jr以降も調子が乗りきれていない) →予想9:22.4,race_records,1139.7123445366221,1,3
男子,南関中,3,3.0,大木 蒼介,613.5,601.9413706371995,-11.558629362800502,596.5156488184509,603.8782147768635,599.8791658972779,12,2,2026-09-26,"road_ekiden,track",※仮 / SB:1500m 4:34.32@2026/05/24→1500m SB→3km式を距離比例→区間3km=9:53.5＋区間バイアス+10s / 人間+20s(直近フォーム上がらず。Jr以降も調子が乗りきれていない) →予想10:13.5,race_records,1741.6537151738216,6,5
男子,南関中,4,3.0,本多 蒼,663.8,609.5789852138684,-54.221014786131605,608.228532778455,607.9804076827086,605.7145663437494,16,2,2026-09-26,"road_ekiden,track",※仮 / SB:1500m 4:46.63@2026/07/04（3000m 10:43.15@2026/07/18不採用）→1500m SB→3km式（3000mが+35s遅い）→区間3km=10:43.8＋区間バイアス+36s / 人間+20s(直近フォーム上がらず。Jr以降も調子が乗りきれていない) →予想11:03.8,race_records,2351.23270038769,5,5
男子,南関中,5,2.855,村上 葉侑,553.4,573.1381485113997,19.738148511399686,539.1781373297312,583.5148698636857,583.5148698636857,19,1,2026-09-20,"aragyoku_prior,road,road_ekiden,track",※仮 / SB:3000m 9:46.66@2026/05/23→3000m SBを距離比例→区間2.855km=9:18.3 / 駅伝加味:SB9:18.3(w=0.01)+荒玉2025 9:29.0@3.0km(2025-10-15)→比例9:01.5(w=0.55)→加重9:01.8 / 前年伸び:荒玉2025 9:29.0@3.0km(2025-10-15)→比例9:01.5×-2%→8:53.4採用（ブレンド9:01.8より速い） / 人間+20s(直近フォーム上がらず。Jr以降も調子が乗りきれていない) →予想9:13.4,race_records,2924.3708488990897,2,4
男子,南関中,6,3.0,猿渡 元喜,651.1,626.4851705802361,-24.614829419763964,623.4471485049792,623.4248050232554,623.2207676831641,13,2,2026-09-26,"road_ekiden,track",※仮 / SB:1500m 4:50.45@2026/07/19→1500m SB→3km式を距離比例→区間3km=10:31.1＋区間バイアス+15s / 人間+20s(直近フォーム上がらず。Jr以降も調子が乗りきれていない) →予想10:51.1,race_records,3550.856019479326,5,4
男子,岱明中,1,3.0,松野 凛空,560.0,578.5797390244135,18.57973902441347,570.2845752956036,577.9175766170135,577.9175766170135,15,1,2026-09-26,"aragyoku_prior,road,road_ekiden,track",確定 / SB:3000m 9:37.84@2026/06/13→3000m SBを距離比例→区間3km=9:37.8 / 駅伝加味:SB9:37.8(w=0.00)+ジュニアCS 9:41.0@3.0km(2026-09-26)→比例9:41.0(w=0.55)→加重9:41.0 / 人間set=9:20.0(本番1区は9:20でいける) →予想9:20.0,race_records,578.5797390244135,5,5
男子,岱明中,2,2.855,山本 哲瑠,562.5,566.6564974650609,4.156497465060852,554.8423912069903,570.9490211757347,567.589361068038,16,2,2026-09-26,"aragyoku_prior,road,road_ekiden,track",確定 / SB:1500m 4:30.13@2026/06/14→1500m SB→3km式を距離比例→区間2.855km=9:07.5 / 駅伝加味:SB9:07.5(w=0.00)+ジュニアCS 8:34.0@2.6km(2026-09-26)→比例9:24.4(w=0.55)+なごみ 10:11.0@3.0km(2026-09-20)→比例9:41.5(w=0.45)+荒玉2025 9:37.0@2.9km(2025-10-15)→比例9:37.0(w=0.55)→加重9:33.8 / 前年伸び:荒玉2025 9:37.0@2.9km(2025-10-15)→比例9:37.0×-2%→9:25.5採用（ブレンド9:33.8より速い） / 人間-3s(なごみより上向き・競り合いで燃える) →予想9:22.5,race_records,1145.2362364894743,4,4
男子,岱明中,3,3.0,今村 昇磨,581.1,592.2148208954318,11.114820895431762,583.3215490084272,597.148973141448,591.7096052722177,18,2,2026-09-26,"aragyoku_prior,road_ekiden,track",確定 / SB:3000m 10:28.92@2026/07/04→3000m SBを距離比例→区間3km=10:28.9 / 駅伝加味:SB10:28.9(w=0.01)+ジュニアCS 8:27.0@2.6km(2026-09-26)→比例9:45.0(w=0.55)+なごみ 10:07.0@3.0km(2026-09-20)→比例10:07.0(w=0.45)+荒玉2025 9:38.0@3.0km(2025-10-15)→比例9:38.0(w=0.55)→加重9:49.1 / 人間-8s(本番覚醒・殻破り期待（昨年9:38以上）) →予想9:41.1,race_records,1737.451057384906,5,4
男子,岱明中,4,3.0,田上 颯人,580.0,593.6172253460376,13.617225346037571,590.6955659567852,590.6804610388582,590.5425251829232,15,2,2026-09-26,"road,road_ekiden,track",確定 / SB:1500m 4:33.6@2026-08-29（3000m 10:24.08@2026/06/13不採用）→1500m SB→3km式（3000mが+42s遅い）→区間3km=9:42.2 / 駅伝加味:SB9:42.2(w=0.04)+ジュニアCS 8:26.0@2.6km(2026-09-26)→比例9:43.8(w=0.55)+なごみ 9:54.0@3.0km(2026-09-20)→比例9:54.0(w=0.45)→加重9:48.2 / 人間set=9:40.0(4区は9:40でいける) →予想9:40.0,race_records,2331.068282730944,3,4
男子,岱明中,5,2.855,中尾 快叶,619.0,617.5216320018634,-1.478367998136605,617.8869282003809,617.8754374404901,612.8639988186014,8,2,2026-09-26,"road_ekiden,track",※仮 / SB:1500m 5:03.56@2026/07/18→1500m SB→3km式を距離比例→区間2.855km=10:11.1 / 駅伝加味:SB10:11.1(w=0.01)+ジュニアCS 9:15.0@2.6km(2026-09-26)→比例10:09.4(w=0.55)+なごみ 11:03.0@3.0km(2026-09-20)→比例10:31.0(w=0.45)→加重10:19.0 →予想10:19.0,race_records,2948.5899147328073,7,6
男子,岱明中,6,3.0,松本 空羽,690.5,687.6932078589189,-2.8067921410811323,676.835434508294,687.3339852708372,687.3339852708372,12,1,2026-09-20,"road,road_ekiden,track",※仮 / SB:1500m 5:11.17@2026/07/04→1500m SB→3km式を距離比例→区間3km=10:57.3 / 駅伝加味:SB10:57.3(w=0.01)+なごみ 11:31.0@3.0km(2026-09-20)→比例11:31.0(w=0.45)→加重11:30.5 →予想11:30.5,race_records,3636.283122591726,7,6
男子,玉名中,1,3.0,河野壮大,565.4,573.8828121215124,8.482812121512438,570.9547142481339,570.9547142481339,570.9547142481339,1,1,2025-10-15,aragyoku_prior,※仮 / SBなし（トラック5ヶ月窓内記録なし） / 駅伝加味:荒玉2025 9:34.0@3.0km(2025-10-15)→比例9:34.0(w=0.55)→加重9:34.0 / 前年伸び:荒玉2025 9:34.0@3.0km(2025-10-15)→比例9:34.0×-2%→9:25.4採用（ブレンド9:34.0より速い） →予想9:25.4,race_records,573.8828121215124,4,4
男子,玉名中,2,2.855,大原彩透,606.2,606.313308443646,0.11330844364590575,605.6831865635734,602.1639797980134,602.1639797980134,14,1,2026-09-21,track,※仮 / SB:1500m 4:53.45@2026/09/21（3000m 11:06.76@2026/07/18不採用）→1500m SB→3km式（3000mが+45s遅い）→区間2.855km=10:06.2＋区間バイアス+14s →予想10:06.2,race_records,1180.1961205651583,6,7
男子,玉名中,3,3.0,田島航,580.9,582.0531522193056,1.153152219305639,571.9978905567074,582.12,582.12,14,1,2026-09-21,track,※仮 / SB:3000m 9:35.87@2026/07/04→3000m SBを距離比例→区間3km=9:45.8＋区間バイアス+10s / 3000mトラック優先:9:35.87@2026/07/04→区間3km比例9:35.9+5s=9:40.9（計算9:45.8より速い） →予想9:40.9,race_records,1762.2492727844638,4,7
男子,玉名中,4,3.0,萩原大介,620.5,601.4288183558623,-19.07118164413771,602.8158777216235,599.4999721962412,596.4505862135989,2,2,2026-07-19,track,※仮 / SB:1500m 4:35.02@2026/07/19→1500m SB→3km式を距離比例→区間3km=10:20.5＋区間バイアス+36s →予想10:20.5,race_records,2363.678091140326,4,6
男子,玉名中,5,2.855,林田竜空,608.7,616.4443114534366,7.7443114534365805,590.0057873280757,623.281882361596,623.281882361596,15,1,2026-09-21,track,※仮 / SB:3000m 10:34.38@2026/06/13→3000m SBを距離比例→区間2.855km=10:21.4＋区間バイアス+18s / 3000mトラック優先:10:34.38@2026/06/13→区間2.855km比例10:03.7+5s=10:08.7（計算10:21.4より速い） →予想10:08.7,race_records,2980.1224025937627,6,7
男子,玉名中,6,3.0,中村龍之介,629.2,672.3663360730701,43.166336073070056,629.5782958507625,685.8032302104002,685.8032302104002,13,1,2026-09-21,track,※仮 / SB:1500m 4:49.48@2026/07/19→1500m SB→3km式を距離比例→区間3km=10:29.2＋区間バイアス+15s →予想10:29.2,race_records,3652.488738666833,6,7
男子,天水中,1,3.0,中村七皇,659.0,626.8286519795074,-32.17134802049259,609.6040761611864,629.284512424474,629.6416970715484,12,2,2026-09-20,"aragyoku_prior,road_ekiden,track",※仮 / SB:1500m 4:35.49@2026/07/19→1500m SB→3km式を距離比例→区間3km=9:46.0 / 駅伝加味:SB9:46.0(w=0.06)+荒玉2024 10:45.0@2.9km(2024-10-16)→比例11:17.8(w=0.22)→加重10:59.0 →予想10:59.0,race_records,626.8286519795074,9,9
男子,天水中,2,2.855,中山喬晴,616.8,627.1845063896754,10.384506389675494,623.9844495477802,623.9844495477802,623.9844495477802,1,1,2024-10-16,aragyoku_prior,※仮 / SBなし（トラック5ヶ月窓内記録なし） / 駅伝加味:荒玉2024 11:03.0@3.0km(2024-10-16)→比例10:31.0(w=0.22)→加重10:31.0 / 前年伸び:荒玉2024 11:03.0@3.0km(2024-10-16)→比例10:31.0×-2%→10:16.8採用（ブレンド10:31.0より速い） →予想10:16.8,race_records,1254.0131583691827,8,8
男子,天水中,3,3.0,木村幹太,579.2,602.7482440425325,23.548244042532474,592.4113591632758,602.7849422201552,602.7849422201552,14,1,2026-09-20,"aragyoku_prior,road_ekiden,track",※仮 / SB:1500m 4:36.63@2026/07/19→1500m SB→3km式を距離比例→区間3km=9:48.3 / 駅伝加味:SB9:48.3(w=0.06)+荒玉2025 9:48.0@3.0km(2025-10-15)→比例9:48.0(w=0.55)→加重9:48.0 / 前年伸び:荒玉2025 9:48.0@3.0km(2025-10-15)→比例9:48.0×-2%→9:39.2採用（ブレンド9:48.0より速い） →予想9:39.2,race_records,1856.7614024117152,8,8
男子,天水中,4,3.0,坂口昂輝,623.5,642.088267715737,18.588267715736947,613.7908511940842,647.4875027769656,649.5355895540617,13,2,2026-09-20,"aragyoku_prior,road_ekiden,track",※仮 / SB:1500m 4:44.14@2026/05/24→1500m SB→3km式を距離比例→区間3km=10:03.3 / 駅伝加味:SB10:03.3(w=0.01)+荒玉2025 10:33.0@3.0km(2025-10-15)→比例10:33.0(w=0.55)→加重10:32.5 / 前年伸び:荒玉2025 10:33.0@3.0km(2025-10-15)→比例10:33.0×-2%→10:23.5採用（ブレンド10:32.5より速い） →予想10:23.5,race_records,2498.849670127452,8,8
男子,天水中,5,2.855,宮田明仁,714.9,737.6892938359366,22.789293835936633,715.6201506125774,741.7705256163518,741.7705256163518,4,1,2026-08-29,track,※仮 / SB:1500m 5:48.80@2026/05/24→1500m SB→3km式を距離比例→区間2.855km=11:54.9＋区間バイアス+18s →予想11:54.9,race_records,3236.5389639633886,9,8
男子,天水中,6,3.0,中村泰夢,665.4,692.9117837908842,27.511783790884238,680.216207816728,693.5941788613522,693.3021530155911,5,2,2026-09-20,"road_ekiden,track",※仮 / SB:1500m 5:07.61@2026/07/18→1500m SB→3km式を距離比例→区間3km=11:05.4＋区間バイアス+15s →予想11:05.4,race_records,3929.450747754273,8,8
男子,荒尾海陽中,1,3.0,松本 颯斗,633.0,605.2291886212408,-27.770811378759163,599.0739715396214,604.853139707048,603.4556600026685,14,2,2026-09-21,"aragyoku_prior,track",※仮 / SB:1500m 4:37.39@2026/07/04（3000m 10:27.99@2026/05/09不採用）→1500m SB→3km式（3000mが+38s遅い）→区間3km=9:49.8 / 駅伝加味:SB9:49.8(w=0.03)+荒玉2025 10:56.0@3.0km(2025-10-15)→比例10:56.0(w=0.55)→加重10:52.1 / 前年伸び:荒玉2025 10:56.0@3.0km(2025-10-15)→比例10:56.0×-2%→10:46.2採用（ブレンド10:52.1より速い） / 3000mトラック優先:10:27.99@2026/05/09→区間3km比例10:28.0+5s=10:33.0（計算10:46.2より速い） →予想10:33.0,race_records,605.2291886212408,8,8
男子,荒尾海陽中,2,2.855,松井 智義,648.3,680.3451893505397,32.04518935053977,653.5977509809652,689.3035087933622,686.8493824597659,11,2,2026-09-26,"road_ekiden,track",※仮 / SB:1500m 5:15.56@2026/06/14→1500m SB→3km式を距離比例→区間2.855km=10:48.3＋区間バイアス+14s →予想10:48.3,race_records,1285.5743779717805,9,9
男子,荒尾海陽中,3,3.0,吉田 理人,645.2,628.276137535821,-16.923862464179024,616.5115560429779,634.0305399439145,628.7386344254953,13,2,2026-09-21,"aragyoku_prior,track",※仮 / SB:1500m 4:43.24@2026/05/24（3000m 10:48.12@2026/05/09不採用）→1500m SB→3km式（3000mが+47s遅い）→区間3km=10:01.5 / 駅伝加味:SB10:01.5(w=0.01)+荒玉2025 10:55.0@3.0km(2025-10-15)→比例10:55.0(w=0.55)→加重10:54.1 / 前年伸び:荒玉2025 10:55.0@3.0km(2025-10-15)→比例10:55.0×-2%→10:45.2採用（ブレンド10:54.1より速い） →予想10:45.2,race_records,1913.8505155076014,9,9
男子,荒尾海陽中,4,3.0,荒木 陽翔,683.4,653.4437378770082,-29.956262122991802,656.0911982021735,650.6669470699458,647.5462003058103,5,2,2026-09-26,"road_ekiden,track",※仮 / SB:1500m 5:06.46@2026/07/18→1500m SB→3km式を距離比例→区間3km=11:23.4＋区間バイアス+36s →予想11:23.4,race_records,2567.2942533846094,9,9
男子,荒尾海陽中,5,2.855,宮原 維吹,657.5,689.7833138671552,32.28331386715524,672.9102792554734,691.9868257352065,691.9868257352065,2,1,2026-08-29,track,※仮 / SB:1500m 5:18.63@2026/06/14→1500m SB→3km式を距離比例→区間2.855km=10:57.5＋区間バイアス+18s →予想10:57.5,race_records,3257.077567251765,8,9
男子,荒尾海陽中,6,3.0,林田 光司,674.7,695.0974640349001,20.397464034900054,679.4270949349003,699.4546462604775,696.746813308706,8,2,2026-09-26,"road_ekiden,track",※仮 / SB:1500m 5:12.24@2026/06/13→1500m SB→3km式を距離比例→区間3km=11:14.7＋区間バイアス+15s →予想11:14.7,race_records,3952.1750312866648,9,9
男子,荒尾第四中,1,3.0,藤原 尚己,587.8,582.9260977297637,-4.873902270236272,568.6146351044013,586.6424023918728,584.810668790551,21,3,2026-09-21,"aragyoku_prior,road_ekiden,track",※仮 / SB:3000m 9:42.77@2026/09/21→3000m SBを距離比例→区間3km=9:42.8 / 駅伝加味:SB9:42.8(w=0.47)+荒玉2025 9:34.0@2.9km(2025-10-15)→比例10:03.2(w=0.55)→加重9:53.8 / 3000mトラック優先:9:42.77@2026/09/21→区間3km比例9:42.8+5s=9:47.8（計算9:53.8より速い） →予想9:47.8,race_records,582.9260977297637,6,6
男子,荒尾第四中,2,2.855,本戸 優貴,564.3,569.4797478832346,5.179747883234654,566.5741155773206,566.5741155773206,566.5741155773206,1,1,2025-10-15,aragyoku_prior,※仮 / SBなし（トラック5ヶ月窓内記録なし） / 駅伝加味:荒玉2025 10:02.0@3.0km(2025-10-15)→比例9:32.9(w=0.55)→加重9:32.9 / 前年伸び:荒玉2025 10:02.0@3.0km(2025-10-15)→比例9:32.9×-2%→9:24.3採用（ブレンド9:32.9より速い） →予想9:24.3,race_records,1152.4058456129983,5,5
男子,荒尾第四中,3,3.0,谷平 陽生,599.9,602.3741782443773,2.474178244377299,584.2079727339401,609.8676817209848,605.7690260925323,19,2,2026-09-21,"aragyoku_prior,road_ekiden,track",※仮 / SB:3000m 9:54.91@2026/07/04→3000m SBを距離比例→区間3km=9:54.9 / 駅伝加味:SB9:54.9(w=0.03)+荒玉2025 11:01.0@3.0km(2025-10-15)→比例11:01.0(w=0.55)→加重10:57.1 / 前年伸び:荒玉2025 11:01.0@3.0km(2025-10-15)→比例11:01.0×-2%→10:51.1採用（ブレンド10:57.1より速い） / 3000mトラック優先:9:54.91@2026/07/04→区間3km比例9:54.9+5s=9:59.9（計算10:51.1より速い） →予想9:59.9,race_records,1754.7800238573755,7,6
男子,荒尾第四中,4,3.0,中田 透和,607.2,611.1678768308751,3.9678768308750705,590.1612010779018,612.9427444451989,615.715972333789,13,2,2026-09-21,"aragyoku_prior,road_ekiden,track",※仮 / SB:3000m 10:02.21@2026/09/21→3000m SBを距離比例→区間3km=10:02.2 / 駅伝加味:SB10:02.2(w=0.47)+荒玉2025 10:17.0@2.9km(2025-10-15)→比例10:48.3(w=0.55)→加重10:27.1 / 3000mトラック優先:10:02.21@2026/09/21→区間3km比例10:02.2+5s=10:07.2（計算10:27.1より速い） →予想10:07.2,race_records,2365.9479006882507,6,7
男子,荒尾第四中,5,2.855,藤井 祐吏,585.3,581.77748330264,-3.522516697359947,578.8091047841399,578.8091047841399,578.8091047841399,1,1,2026-09-20,road_ekiden,※仮 / SBなし（トラック5ヶ月窓内記録なし） / 駅伝加味:なごみ 10:15.0@3.0km(2026-09-20)→比例9:45.3(w=0.45)→加重9:45.3 →予想9:45.3,race_records,2947.725383990891,4,5
男子,荒尾第四中,6,3.0,北村 春磨,597.6,604.3467335315322,6.746733531532186,597.7124711100776,600.7018462387807,602.7849422201552,8,2,2026-09-21,"road_ekiden,track",※仮 / SB:3000m 9:52.64@2026/09/21→3000m SBを距離比例→区間3km=10:07.8＋区間バイアス+15s / 3000mトラック優先:9:52.64@2026/09/21→区間3km比例9:52.6+5s=9:57.6（計算10:07.8より速い） →予想9:57.6,race_records,3552.072117522423,2,5
男子,荒尾三中,1,3.0,中村大翔,614.6,623.8726041181598,9.272604118159734,620.6894454544173,620.6894454544173,620.6894454544173,1,1,2025-10-15,aragyoku_prior,※仮 / SBなし（トラック5ヶ月窓内記録なし） / 駅伝加味:荒玉2025 10:24.0@3.0km(2025-10-15)→比例10:24.0(w=0.55)→加重10:24.0 / 前年伸び:荒玉2025 10:24.0@3.0km(2025-10-15)→比例10:24.0×-2%→10:14.6採用（ブレンド10:24.0より速い） →予想10:14.6,race_records,623.8726041181598,,
男子,荒尾三中,2,2.855,田中羚弥,642.0,644.2905419716069,2.290541971606899,641.7087423560429,640.7008328926009,640.7008328926009,9,1,2026-09-21,track,※仮 / SB:1500m 5:12.23@2026/09/21→1500m SB→3km式を距離比例→区間2.855km=10:42.0＋区間バイアス+14s →予想10:42.0,race_records,1268.1631460897665,,
男子,荒尾三中,5,2.855,井形朝陽,665.7,673.9429379642612,8.24293796426116,660.9952672432648,672.0741864763971,674.5796105598873,7,7,2026-07-19,track,※仮 / SB:1500m 5:22.97@2026/06/14→1500m SB→3km式を距離比例→区間2.855km=11:05.7＋区間バイアス+18s →予想11:05.7,race_records,1942.1060840540276,,
女子,南関中,1,3.0,福山 結衣,613.0,654.8599967961064,41.85999679610643,662.3992627063287,694.7846657172743,664.8412111727395,12,2,2026-09-26,"aragyoku_prior,road_ekiden,track",※仮 / SB:800m 2:28.50@2026/07/19→800m SB→2km式を距離比例→区間3km=10:55.5 / 駅伝加味:SB10:55.5(w=0.01)+ジュニアCS 8:51.0@2.3km(2026-09-26)→比例11:32.6(w=0.55)+なごみ 7:00.0@2.0km(2026-09-20)→比例10:30.0(w=0.45)+荒玉2025 6:57.0@2.0km(2025-10-15)→比例10:25.5(w=0.55)→加重10:50.7 / 前年伸び:荒玉2025 6:57.0@2.0km(2025-10-15)→比例10:25.5×-2%→10:13.0採用（ブレンド10:50.7より速い） →予想10:13.0,race_records,654.8599967961064,7,7
女子,南関中,2,1.855,米田 美空,426.6,392.46154547781964,-34.13845452218038,397.8753981826268,426.4848779216894,398.05955094538905,11,3,2026-09-26,"aragyoku_prior,road_ekiden,track",※仮 / SB:800m 2:41.35@2026/07/19→800m SB→2km式を距離比例→区間1.855km=7:20.4 / 駅伝加味:SB7:20.4(w=0.01)+ジュニアCS 8:22.0@2.3km(2026-09-26)→比例6:44.9(w=0.55)+なごみ 8:01.0@2.0km(2026-09-20)→比例7:26.1(w=0.45)+荒玉2025 7:12.0@1.9km(2025-10-15)→比例7:12.0(w=0.55)→加重7:06.6 →予想7:06.6,race_records,1047.321542273926,1,2
女子,南関中,3,2.0,平山 結菜,460.0,448.5154280783662,-11.484571921633801,455.82028762994105,459.42392971359567,454.4339343084039,12,2,2026-09-26,"road_ekiden,track",※仮 / SB:800m 2:43.98@2026/06/14→800m SB→2km式を距離比例→区間2km=8:02.6 / 駅伝加味:SB8:02.6(w=0.00)+ジュニアCS 8:47.0@2.3km(2026-09-26)→比例7:38.3(w=0.55)+なごみ 7:42.0@2.0km(2026-09-20)→比例7:42.0(w=0.45)→加重7:40.0 →予想7:40.0,race_records,1495.8369703522922,5,3
女子,南関中,4,2.0,原賀 美和,473.0,469.95311941897154,-3.0468805810284607,476.5902975385359,476.5902975385359,476.5902975385359,1,1,2026-09-20,road_ekiden,※仮 / SBなし（トラック5ヶ月窓内記録なし） / 駅伝加味:なごみ 7:53.0@2.0km(2026-09-20)→比例7:53.0(w=0.45)→加重7:53.0 →予想7:53.0,race_records,1965.7900897712636,6,4
女子,南関中,5,3.0,堀田 稔々,650.2,636.7329642498669,-13.467035750133164,653.3460313421335,664.6730492599298,642.4596791969589,19,2,2026-09-26,"aragyoku_prior,road_ekiden,track",※仮 / SB:1500m 5:18.00@2026/07/18→1500m SB→2km式を距離比例→区間3km=10:58.5 / 駅伝加味:SB10:58.5(w=0.01)+ジュニアCS 9:27.0@2.7km(2026-09-26)→比例10:30.0(w=0.55)+なごみ 7:17.0@2.0km(2026-09-20)→比例10:55.5(w=0.45)+荒玉2025 7:24.0@2.0km(2025-10-15)→比例11:06.0(w=0.55)→加重10:50.2 →予想10:50.2,race_records,2602.5230540211305,1,4
女子,岱明中,1,3.0,村上 咲稀,640.5,652.3064653690725,11.806465369072498,627.9123429977831,676.8111878974391,675.9218980256184,21,3,2026-09-26,"aragyoku_prior,road,road_ekiden,track",確定 / SB:1500m 4:53.85@2026/07/04→1500m SB→2km式を距離比例→区間3km=10:10.2 / 駅伝加味:SB10:10.2(w=0.01)+ジュニアCS 9:58.0@2.7km(2026-09-26)→比例11:04.4(w=0.55)+なごみ 7:07.0@2.0km(2026-09-20)→比例10:40.5(w=0.45)+荒玉2025 11:02.0@3.0km(2025-10-15)→比例11:02.0(w=0.55)→加重10:56.5 / 前年伸び:荒玉2025 11:02.0@3.0km(2025-10-15)→比例11:02.0×-3%→10:40.5採用（ブレンド10:56.5より速い） →予想10:40.5,race_records,652.3064653690725,5,5
女子,岱明中,2,1.855,山﨑 莉奈,410.0,411.6572177445197,1.6572177445196985,401.3985588941981,428.64256958398437,424.3593020407756,6,2,2026-09-26,"road_ekiden,track",確定 / SB:1500m 5:28.8@2026-08-29→1500m SB→2km式を距離比例→区間1.855km=7:00.5 / 駅伝加味:SB7:00.5(w=0.03)+ジュニアCS 9:05.0@2.3km(2026-09-26)→比例7:19.6(w=0.55)+なごみ 7:38.0@2.0km(2026-09-20)→比例7:04.8(w=0.45)→加重7:12.5 / 人間set=6:50.0(2区は6:50でいける) →予想6:50.0,race_records,1063.9636831135922,3,4
女子,岱明中,3,2.0,角田 亜美,454.7,457.31101586022487,2.6110158602248816,455.37236058541464,469.25394522517354,467.36848651832054,15,2,2026-09-26,"aragyoku_prior,road,road_ekiden,track",確定 / SB:1500m 5:31.34@2026/07/18→1500m SB→2km式を距離比例→区間2km=7:36.8 / 駅伝加味:SB7:36.8(w=0.01)+ジュニアOP 9:02.0@2.3km(2026-09-26)→比例7:51.3(w=0.55)+なごみ 7:48.0@2.0km(2026-09-20)→比例7:48.0(w=0.45)+荒玉2025 7:44.0@2.0km(2025-10-15)→比例7:44.0(w=0.55)→加重7:47.7 / 前年伸び:荒玉2025 7:44.0@2.0km(2025-10-15)→比例7:44.0×-2%→7:34.7採用（ブレンド7:47.7より速い） →予想7:34.7,race_records,1521.274698973817,6,5
女子,岱明中,4,2.0,増岡 里俐,444.8,455.6391635577051,10.839163557705092,453.74489689491895,466.94431956449347,465.6438795569983,11,2,2026-09-26,"aragyoku_prior,road_ekiden,track",確定 / SB:1500m 5:34.40@2026/07/04→1500m SB→2km式を距離比例→区間2km=7:40.9 / 駅伝加味:SB7:40.9(w=0.01)+ジュニアCS 9:00.0@2.3km(2026-09-26)→比例7:49.6(w=0.55)+なごみ 7:45.0@2.0km(2026-09-20)→比例7:45.0(w=0.45)+荒玉2025 7:01.0@1.9km(2025-10-15)→比例7:33.9(w=0.55)→加重7:42.7 / 前年伸び:荒玉2025 7:01.0@1.9km(2025-10-15)→比例7:33.9×-2%→7:24.8採用（ブレンド7:42.7より速い） →予想7:24.8,race_records,1976.9138625315222,4,5
女子,岱明中,5,3.0,高田 麻由,678.2,693.3136738417388,15.113673841738773,671.5271209322416,716.6389302170538,716.6389302170538,13,1,2026-09-26,"aragyoku_prior,road,road_ekiden,track",確定 / SB:1500m 5:10.80@2026/07/18→1500m SB→2km式を距離比例→区間3km=10:44.1 / 駅伝加味:SB10:44.1(w=0.01)+ジュニアCS 8:49.0@2.3km(2026-09-26)→比例11:30.0(w=0.55)+荒玉2025 11:32.0@3.0km(2025-10-15)→比例11:32.0(w=0.55)→加重11:30.7 / 前年伸び:荒玉2025 11:32.0@3.0km(2025-10-15)→比例11:32.0×-2%→11:18.2採用（ブレンド11:30.7より速い） →予想11:18.2,race_records,2670.227536373261,5,5
女子,玉名高附,1,3.0,大木 莉子,620.5,631.3550813640312,10.855081364031207,634.0194050209129,642.9513260895038,642.9513260895038,18,1,2026-08-29,"aragyoku_prior,road_ekiden,track",※仮 / SB:1500m 4:52.55@2026/07/04→1500m SB→2km式を距離比例→区間3km=10:07.6 / 駅伝加味:SB10:07.6(w=0.01)+荒玉2025 10:30.0@3.0km(2025-10-15)→比例10:30.0(w=0.55)→加重10:29.8 / 前年伸び:荒玉2025 10:30.0@3.0km(2025-10-15)→比例10:30.0×-2%→10:20.6採用（ブレンド10:29.8より速い） →予想10:20.6,race_records,631.3550813640312,3,3
女子,玉名高附,2,1.855,田口 心晴,479.0,476.33703987429857,-2.6629601257014315,468.7066035271537,493.1550659503937,489.2177106496278,4,2,2026-09-26,"road_ekiden,track",※仮 / SB:800m 2:54.79@2026/06/14→800m SB→2km式を距離比例→区間1.855km=7:59.0＋区間バイアス+2s →予想7:59.0,race_records,1107.6921212383297,10,7
女子,玉名高附,3,2.0,永江 春花,535.9,522.614939836241,-13.285060163758999,530.6440508756032,530.9527111824295,529.7180699551244,2,2,2026-06-14,track,※仮 / SB:800m 3:05.92@2026/05/24→800m SB→2km式を距離比例→区間2km=8:55.9＋区間バイアス-11s →予想8:55.9,race_records,1630.3070610745708,9,9
女子,玉名高附,4,2.0,中山 結葵,,522.6155637652909,,545.3458267973436,543.1816008724957,523.4182127612926,2,2,2026-09-26,road_ekiden,※仮 / 記録なし（5ヶ月窓内）,race_records,2152.922624839862,10,10
女子,玉名高附,5,3.0,戸谷 美月,724.9,708.8566154879201,-16.04338451207991,719.3488664041132,718.6616901724373,718.6616901724374,8,1,2026-09-20,"road_ekiden,track",※仮 / SB:1500m 5:32.64@2026/07/04→1500m SB→2km式を距離比例→区間3km=12:04.9＋区間バイアス+37s →予想12:04.9,race_records,2861.7792403277817,6,9
女子,菊水中,1,3.0,森心雅,706.1,732.7729646255608,26.67296462556078,704.1633179262635,759.8185270545594,759.8185270545594,7,1,2026-09-20,"road_ekiden,track",※仮 / SB:1500m 5:31.41@2026/07/04→1500m SB→2km式を距離比例→区間3km=11:46.1＋区間バイアス+21s →予想11:46.1,race_records,732.7729646255608,10,10
女子,菊水中,2,1.855,高集穂花,423.0,423.01773879142297,0.01773879142297119,428.9920455128365,428.9920455128365,428.9920455128365,1,1,2025-10-15,aragyoku_prior,※仮 / SBなし（トラック5ヶ月窓内記録なし） / 駅伝加味:荒玉2025 7:43.0@2.0km(2025-10-15)→比例7:09.4(w=0.55)→加重7:09.4 / 前年伸び:荒玉2025 7:43.0@2.0km(2025-10-15)→比例7:09.4×-2%→7:03.0採用（ブレンド7:09.4より速い） →予想7:03.0,race_records,1155.790703416984,4,9
女子,菊水中,3,2.0,秀島礼亜,456.5,446.48469224011404,-10.015307759885957,452.79042425381004,452.79042425381004,452.79042425381004,1,1,2026-05-24,track,※仮 / SB:800m 2:38.92@2026/05/24→800m SB→2km式を距離比例→区間2km=7:36.5＋区間バイアス-11s →予想7:36.5,race_records,1602.275395657098,4,6
女子,菊水中,4,2.0,金澤朱里,469.5,463.8542302071424,-5.645769792857607,453.6225056951606,480.76911517843,477.5978880195899,17,2,2026-09-21,"aragyoku_prior,road_ekiden,track",※仮 / SB:1500m 5:52.65@2026/05/09→1500m SB→2km式を距離比例→区間2km=8:05.2 / 駅伝加味:SB8:05.2(w=0.00)+荒玉2025 11:55.0@3.0km(2025-10-15)→比例7:56.7(w=0.55)→加重7:56.7 / 前年伸び:荒玉2025 11:55.0@3.0km(2025-10-15)→比例7:56.7×-2%→7:49.5採用（ブレンド7:56.7より速い） →予想7:49.5,race_records,2066.1296258642406,5,6
女子,菊水中,5,3.0,荒木陽依,681.1,719.5797065665882,38.47970656658822,729.7423770253164,729.7423770253164,729.7423770253164,1,1,2025-10-15,aragyoku_prior,※仮 / SBなし（トラック5ヶ月窓内記録なし） / 駅伝加味:荒玉2025 7:41.0@2.0km(2025-10-15)→比例11:31.5(w=0.55)→加重11:31.5 / 前年伸び:荒玉2025 7:41.0@2.0km(2025-10-15)→比例11:31.5×-2%→11:21.1採用（ブレンド11:31.5より速い） →予想11:21.1,race_records,2785.709332430829,8,6
女子,玉陵中,1,3.0,居石華音,608.7,610.8714431502742,2.171443150274172,620.8132128939452,619.9649422540774,618.9355084965264,26,2,2026-09-21,"aragyoku_prior,road_ekiden,track",※仮 / SB:1500m 4:48.25@2026/09/21→1500m SB→2km式を距離比例→区間3km=9:59.0 / 駅伝加味:SB9:59.0(w=0.07)+荒玉2025 10:18.0@3.0km(2025-10-15)→比例10:18.0(w=0.55)→加重10:15.8 / 前年伸び:荒玉2025 10:18.0@3.0km(2025-10-15)→比例10:18.0×-2%→10:08.7採用（ブレンド10:15.8より速い） →予想10:08.7,race_records,610.8714431502742,2,2
女子,玉陵中,2,1.855,松本倫甲,468.7,468.7,0.0,475.31948023344523,475.3194802334452,475.31948023344523,1,1,2025-10-15,aragyoku_prior,※仮 / SBなし（トラック5ヶ月窓内記録なし） / 駅伝加味:荒玉2025 8:33.0@2.0km(2025-10-15)→比例7:55.8(w=0.55)→加重7:55.8 / 前年伸び:荒玉2025 8:33.0@2.0km(2025-10-15)→比例7:55.8×-2%→7:48.7採用（ブレンド7:55.8より速い） →予想7:48.7,race_records,1079.5714431502743,9,5
女子,玉陵中,3,2.0,田上千乃,508.7,525.9022845023572,17.20228450235726,553.1149597500928,524.8505776013907,524.850211932035,2,2,2025-10-15,aragyoku_prior,※仮 / SBなし（トラック5ヶ月窓内記録なし） / 駅伝加味:荒玉2025 7:59.0@1.9km(2025-10-15)→比例8:36.4(w=0.55)→加重8:36.4 / 前年伸び:荒玉2025 7:59.0@1.9km(2025-10-15)→比例8:36.4×-2%→8:28.7採用（ブレンド8:36.4より速い） →予想8:28.7,race_records,1605.4737276526316,10,7
女子,玉陵中,4,2.0,高田奈和,511.2,515.6568054512605,4.45680545126055,522.9394596670193,522.9394596670193,522.9394596670193,1,1,2025-10-15,aragyoku_prior,※仮 / SBなし（トラック5ヶ月窓内記録なし） / 駅伝加味:荒玉2025 8:39.0@2.0km(2025-10-15)→比例8:39.0(w=0.55)→加重8:39.0 / 前年伸び:荒玉2025 8:39.0@2.0km(2025-10-15)→比例8:39.0×-2%→8:31.2採用（ブレンド8:39.0より速い） →予想8:31.2,race_records,2121.130533103892,9,8
女子,玉陵中,5,3.0,永田珠莉,758.3,744.8103628825908,-13.489637117409188,753.3833099942021,756.1633921776099,756.1633921776099,5,1,2026-09-21,track,※仮 / SB:1500m 5:49.33@2026/09/21→1500m SB→2km式を距離比例→区間3km=12:38.3＋区間バイアス+37s →予想12:38.3,race_records,2865.9408959864827,10,10
女子,天水中,1,3.0,田尻雛菜乃,702.0,707.4973171297739,5.497317129773933,692.5925066441899,729.8100130398514,728.1594217606194,6,2,2026-09-20,"road_ekiden,track",※仮 / SB:800m 2:34.32@2026/07/19→800m SB→2km式を距離比例→区間3km=11:42.0＋区間バイアス+21s →予想11:42.0,race_records,707.4973171297739,8,8
女子,天水中,2,1.855,浦田咲希,463.5,436.00769534851275,-27.492304651487245,426.64756072888906,448.7038880912499,448.81598834694245,9,9,2025-10-15,"aragyoku_prior,road_ekiden,track",※仮 / SBなし（トラック5ヶ月窓内記録なし） / 駅伝加味:荒玉2025 12:41.0@3.0km(2025-10-15)→比例7:50.6(w=0.55)→加重7:50.6 / 前年伸び:荒玉2025 12:41.0@3.0km(2025-10-15)→比例7:50.6×-2%→7:43.5採用（ブレンド7:50.6より速い） →予想7:43.5,race_records,1143.5050124782867,5,8
女子,天水中,3,2.0,山本桜愛,484.9,463.74339998312973,-21.156600016870243,474.4072541759882,471.65416564730697,468.52957369010403,6,2,2026-09-20,"road_ekiden,track",※仮 / SB:800m 2:48.57@2026/07/19→800m SB→2km式を距離比例→区間2km=8:04.9＋区間バイアス-11s →予想8:04.9,race_records,1607.2484124614166,7,8
女子,天水中,4,2.0,竹原晴美,502.3,481.7304106691731,-20.569589330826886,481.1367063406742,492.7701706934357,491.7041547543457,11,2,2026-09-20,"aragyoku_prior,road_ekiden,track",※仮 / SB:800m 2:53.45@2026/06/14→800m SB→2km式を距離比例→区間2km=8:30.5 / 駅伝加味:SB8:30.5(w=0.00)+荒玉2025 8:30.0@2.0km(2025-10-15)→比例8:30.0(w=0.55)→加重8:30.0 / 前年伸び:荒玉2025 8:30.0@2.0km(2025-10-15)→比例8:30.0×-2%→8:22.4採用（ブレンド8:30.0より速い） →予想8:22.4,race_records,2088.9788231305897,7,7
女子,天水中,5,3.0,花谷明優,744.7,733.8505851835654,-10.84941481643466,733.661053457739,754.89244934062,748.7378402016803,13,2,2026-09-20,"aragyoku_prior,road_ekiden,track",※仮 / SB:1500m 5:43.23@2026/07/18→1500m SB→2km式を距離比例→区間3km=11:49.0 / 駅伝加味:SB11:49.0(w=0.01)+荒玉2025 12:36.0@3.0km(2025-10-15)→比例12:36.0(w=0.55)→加重12:35.3 / 前年伸び:荒玉2025 12:36.0@3.0km(2025-10-15)→比例12:36.0×-2%→12:24.7採用（ブレンド12:35.3より速い） →予想12:24.7,race_records,2822.829408314155,9,7
女子,荒尾海陽中,1,3.0,中尾菜々,686.6,731.5955568896027,44.99555688960265,741.9279279749602,741.9279279749602,741.9279279749602,1,1,2025-10-15,aragyoku_prior,※仮 / SBなし（トラック5ヶ月窓内記録なし） / 駅伝加味:荒玉2025 7:11.0@1.9km(2025-10-15)→比例11:37.0(w=0.55)→加重11:37.0 / 前年伸び:荒玉2025 7:11.0@1.9km(2025-10-15)→比例11:37.0×-2%→11:26.6採用（ブレンド11:37.0より速い） →予想11:26.6,race_records,731.5955568896027,9,9
女子,荒尾海陽中,2,1.855,前田凛子,446.9,436.4390070016681,-10.460992998331903,429.01345926131967,448.4268933978472,448.4268933978472,4,1,2026-08-29,track,※仮 / SB:800m 2:43.02@2026/06/14→800m SB→2km式を距離比例→区間1.855km=7:26.9＋区間バイアス+2s →予想7:26.9,race_records,1168.0345638912709,7,10
女子,荒尾海陽中,3,2.0,石川葵葉,491.9,480.28289792629937,-11.617102073700607,487.0659641718401,487.0659641718401,487.0659641718401,1,1,2026-06-14,track,※仮 / SB:800m 2:50.95@2026/06/14→800m SB→2km式を距離比例→区間2km=8:11.9＋区間バイアス-11s →予想8:11.9,race_records,1648.3174618175703,8,10
女子,荒尾海陽中,4,2.0,今村心晴,515.0,484.1599988279566,-30.8400011720434,490.99782161879625,490.99782161879625,490.99782161879625,1,1,2026-04-29,track,※仮 / SB:800m 2:52.33@2026/04/29→800m SB→2km式を距離比例→区間2km=8:35.0＋区間バイアス+8s →予想8:35.0,race_records,2132.477460645527,8,9
女子,荒尾海陽中,5,3.0,三原悠愛,669.3,715.4357047828162,46.13570478281622,719.5621078622405,728.1017383989367,728.1017383989367,8,1,2026-08-29,"aragyoku_prior,track",※仮 / SB:1500m 5:37.53@2026/04/29→1500m SB→2km式を距離比例→区間3km=11:37.6 / 駅伝加味:SB11:37.6(w=0.00)+荒玉2025 7:33.0@2.0km(2025-10-15)→比例11:19.5(w=0.55)→加重11:19.5 / 前年伸び:荒玉2025 7:33.0@2.0km(2025-10-15)→比例11:19.5×-2%→11:09.3採用（ブレンド11:19.5より速い） →予想11:09.3,race_records,2847.9131654283433,7,8
女子,荒尾三中,1,3.0,庄山 瑠那,591.5,603.5393188657843,12.039318865784253,607.108311922979,616.1330416423967,614.1866427024355,30,3,2026-09-21,"aragyoku_prior,road_ekiden,track",※仮 / SB:1500m 4:39.17@2026/08/05→1500m SB→2km式を距離比例→区間3km=9:40.8 / 駅伝加味:SB9:40.8(w=0.01)+なごみ 6:28.0@2.0km(2026-09-20)→比例9:42.0(w=0.45)+荒玉2024 6:25.0@1.9km(2024-10-18)→比例10:22.6(w=0.22)→加重9:55.0 / 前年伸び:荒玉2024 6:25.0@1.9km(2024-10-18)→比例10:22.6×-5%→9:51.5採用（ブレンド9:55.0より速い） →予想9:51.5,race_records,603.5393188657843,1,1
女子,荒尾三中,2,1.855,平 夢花,450.0,439.0029328759677,-10.997067124032299,446.09390452802313,444.82118308963305,444.821183089633,3,1,2026-09-21,track,※仮 / SB:1500m 5:51.08@2026/09/21→1500m SB→2km式を距離比例→区間1.855km=7:30.0＋区間バイアス+2s →予想7:30.0,race_records,1042.542251741752,8,1
女子,荒尾三中,3,2.0,内野 沙笑,465.6,441.0077605327887,-24.5922394672113,446.93045252002935,447.3671510455042,447.3671510455043,8,1,2026-09-21,"aragyoku_prior,track",※仮 / SB:1500m 5:24.69@2026/09/21→1500m SB→2km式を距離比例→区間2km=7:27.9 / 駅伝加味:SB7:27.9(w=0.07)+荒玉2025 11:49.0@3.0km(2025-10-15)→比例7:52.7(w=0.55)→加重7:49.9 / 前年伸び:荒玉2025 11:49.0@3.0km(2025-10-15)→比例7:52.7×-2%→7:45.6採用（ブレンド7:49.9より速い） →予想7:45.6,race_records,1483.5500122745407,3,1
女子,荒尾三中,4,2.0,佐藤 妃葵,436.4,435.6648268960108,-0.7351731039891547,435.652654294795,444.45993281055394,444.45993281055394,9,1,2026-09-21,"aragyoku_prior,track",※仮 / SB:1500m 5:22.58@2026/09/21→1500m SB→2km式を距離比例→区間2km=7:25.1 / 駅伝加味:SB7:25.1(w=0.07)+荒玉2025 7:23.0@2.0km(2025-10-15)→比例7:23.0(w=0.55)→加重7:23.2 / 前年伸び:荒玉2025 7:23.0@2.0km(2025-10-15)→比例7:23.0×-2%→7:16.4採用（ブレンド7:23.2より速い） →予想7:16.4,race_records,1919.2148391705514,2,1
女子,荒尾三中,5,3.0,福島 志帆,664.9,654.5229976516474,-10.377002348352562,668.3375141086698,661.8080197073899,661.8080197073898,12,1,2026-09-21,"aragyoku_prior,track",※仮 / SB:1500m 5:05.74@2026/09/21→1500m SB→2km式を距離比例→区間3km=10:34.0 / 駅伝加味:SB10:34.0(w=0.07)+荒玉2025 11:15.0@3.0km(2025-10-15)→比例11:15.0(w=0.55)→加重11:10.4 / 前年伸び:荒玉2025 11:15.0@3.0km(2025-10-15)→比例11:15.0×-2%→11:04.9採用（ブレンド11:10.4より速い） →予想11:04.9,race_records,2573.737836822199,3,1
女子,長洲中,1,3.0,猿渡 愛梨,642.2,647.6126939097607,5.4126939097606055,656.3682174246271,658.6670001620547,656.9264348492544,17,3,2026-09-21,"aragyoku_prior,road_ekiden,track",※仮 / SB:1500m 5:16.77@2026/07/04→1500m SB→2km式を距離比例→区間3km=10:56.0 / 駅伝加味:SB10:56.0(w=0.01)+なごみ 6:55.0@2.0km(2026-09-20)→比例10:22.5(w=0.45)+荒玉2025 11:16.0@3.0km(2025-10-15)→比例11:16.0(w=0.55)→加重10:51.9 / 前年伸び:荒玉2025 11:16.0@3.0km(2025-10-15)→比例11:16.0×-5%→10:42.2採用（ブレンド10:51.9より速い） →予想10:42.2,race_records,647.6126939097607,4,4
女子,長洲中,2,1.855,村里 唯花,432.1,436.1088648389659,4.008864838965906,440.5195708795006,442.9594022272617,443.0174101590677,8,8,2026-07-19,"aragyoku_prior,road_ekiden,track",※仮 / SB:800m 2:49.00@2026/06/14→800m SB→2km式を距離比例→区間1.855km=7:41.3 / 駅伝加味:SB7:41.3(w=0.00)+荒玉2025 7:53.0@2.0km(2025-10-15)→比例7:18.7(w=0.55)→加重7:18.8 / 前年伸び:荒玉2025 7:53.0@2.0km(2025-10-15)→比例7:18.7×-2%→7:12.1採用（ブレンド7:18.8より速い） →予想7:12.1,race_records,1083.7215587487267,6,6
女子,長洲中,3,2.0,濱北 愛,426.5,430.08163540878655,3.5816354087865534,431.14992851202777,439.15447482580515,438.3010392038109,19,2,2026-09-21,"aragyoku_prior,road_ekiden,track",※仮 / SB:1500m 5:13.86@2026/07/04→1500m SB→2km式を距離比例→区間2km=7:13.5 / 駅伝加味:SB7:13.5(w=0.01)+荒玉2025 7:13.0@2.0km(2025-10-15)→比例7:13.0(w=0.55)→加重7:13.0 / 前年伸び:荒玉2025 7:13.0@2.0km(2025-10-15)→比例7:13.0×-2%→7:06.5採用（ブレンド7:13.0より速い） →予想7:06.5,race_records,1513.8031941575132,1,4
女子,長洲中,4,2.0,山川 綾,449.2,419.4910795856778,-29.708920414322165,422.5037252239964,427.337387697718,426.66351643599336,11,11,2026-07-19,"aragyoku_prior,track",※仮 / SB:1500m 5:22.32@2026/05/09→1500m SB→2km式を距離比例→区間2km=7:24.8 / 駅伝加味:SB7:24.8(w=0.00)+荒玉2025 7:03.0@1.9km(2025-10-15)→比例7:36.1(w=0.55)→加重7:36.0 / 前年伸び:荒玉2025 7:03.0@1.9km(2025-10-15)→比例7:36.1×-2%→7:29.2採用（ブレンド7:36.0より速い） →予想7:29.2,race_records,1933.294273743191,1,2
女子,長洲中,5,3.0,中村 羽音,658.0,648.5165440063624,-9.483455993637563,642.4821653278213,667.9335974097752,664.1870503616369,18,2,2026-09-21,"aragyoku_prior,road_ekiden,track",※仮 / SB:1500m 5:09.38@2026/09/21→1500m SB→2km式を距離比例→区間3km=10:41.3 / 駅伝加味:SB10:41.3(w=0.07)+荒玉2025 11:08.0@3.0km(2025-10-15)→比例11:08.0(w=0.55)→加重11:05.0 / 前年伸び:荒玉2025 11:08.0@3.0km(2025-10-15)→比例11:08.0×-2%→10:58.0採用（ブレンド11:05.0より速い） →予想10:58.0,race_records,2581.8108177495533,2,2
女子,玉名中,1,3.0,清藤 結唯,664.9,653.5589767202941,-11.341023279705837,643.4441072227621,674.9741705258081,671.08,22,3,2026-09-21,"road_ekiden,track",※仮 / SB:1500m 4:54.56@2026/07/04→1500m SB→2km式を距離比例→区間3km=10:11.6 / 駅伝加味:SB10:11.6(w=0.01)+荒玉2025B 11:15.0@3.0km(2025-10-15)→比例11:15.0(w=0.55)→加重11:14.4 / 前年伸び:荒玉2025B 11:15.0@3.0km(2025-10-15)→比例11:15.0×-2%→11:04.9採用（ブレンド11:14.4より速い） →予想11:04.9,race_records,653.5589767202941,6,6
女子,玉名中,2,1.855,亀木,394.7,394.6947368421052,-0.00526315789477394,400.2690359860591,400.2690359860592,400.2690359860591,1,1,2025-10-15,aragyoku_prior,※仮 / SBなし（トラック5ヶ月窓内記録なし） / 駅伝加味:荒玉2025B 7:12.0@2.0km(2025-10-15)→比例6:40.7(w=0.55)→加重6:40.7 / 前年伸び:荒玉2025B 7:12.0@2.0km(2025-10-15)→比例6:40.7×-2%→6:34.7採用（ブレンド6:40.7より速い） →予想6:34.7,prior_year_B_provisional,1048.2537135623993,2,3
女子,玉名中,3,2.0,川原 芽吹,449.5,441.0005932573729,-8.499406742627116,402.2508009687494,466.50518956847094,466.50518956847094,11,1,2026-09-21,"aragyoku_prior,track",※仮 / SB:1500m 5:38.58@2026/09/21→1500m SB→2km式を距離比例→区間2km=7:46.4 / 駅伝加味:SB7:46.4(w=0.07)+荒玉2025 10:16.0@3.0km(2025-10-15)→比例6:50.7(w=0.55)→加重6:57.0 / 前年伸び:荒玉2025 10:16.0@3.0km(2025-10-15)→比例6:50.7×-2%→6:44.5採用（ブレンド6:57.0より速い） / 人間+45s(今年フォーム落ち。前年A1区実績の伸びを打ち消し、直近トラック寄りに) →予想7:29.5,race_records,1489.2543068197722,2,2
女子,玉名中,4,2.0,結菜,441.3,445.11415961881454,3.8141596188145286,451.40053551218625,451.40053551218625,451.40053551218625,1,1,2025-10-15,aragyoku_prior,※仮 / SBなし（トラック5ヶ月窓内記録なし） / 駅伝加味:荒玉2025B 7:28.0@2.0km(2025-10-15)→比例7:28.0(w=0.55)→加重7:28.0 / 前年伸び:荒玉2025B 7:28.0@2.0km(2025-10-15)→比例7:28.0×-2%→7:21.3採用（ブレンド7:28.0より速い） →予想7:21.3,prior_year_B_provisional,1934.3684664385867,3,3
女子,玉名中,5,3.0,水本 星夏,654.0,659.7227722921715,5.7227722921714985,669.0400794198474,669.0400794198474,669.0400794198474,1,1,2025-10-15,aragyoku_prior,※仮 / SBなし（トラック5ヶ月窓内記録なし） / 駅伝加味:荒玉2025 11:04.0@3.0km(2025-10-15)→比例11:04.0(w=0.55)→加重11:04.0 / 前年伸び:荒玉2025 11:04.0@3.0km(2025-10-15)→比例11:04.0×-2%→10:54.0採用（ブレンド11:04.0より速い） →予想10:54.0,race_records,2594.091238730758,4,3
