source_meet,name,aragyoku_team,source_team,source_km,source_sec,aragyoku_km,aragyoku_sec,converted_sec,actual_over_converted,source
nagomi,松浦眞大,菊水,金栗PROJECT B,3.0,600.0,3.0,570.0,600.0,0.95,input/external/drive/shared/大会/2025年度/0921_中学駅伝金栗四三生誕の地なごみ大会/成績表.json
nagomi,丸山白虎,菊水,金栗PROJECT A,3.0,581.0,2.855,541.0,549.7264074628644,0.9841259081892407,input/external/drive/shared/大会/2025年度/0921_中学駅伝金栗四三生誕の地なごみ大会/成績表.json
nagomi,石原佳維斗,菊水,金栗PROJECT A,3.0,587.0,3.0,562.0,587.0,0.9574105621805792,input/external/drive/shared/大会/2025年度/0921_中学駅伝金栗四三生誕の地なごみ大会/成績表.json
nagomi,辻本愛琉,菊水,金栗PROJECT A,3.0,577.0,3.0,565.0,577.0,0.9792027729636048,input/external/drive/shared/大会/2025年度/0921_中学駅伝金栗四三生誕の地なごみ大会/成績表.json
nagomi,隈部侑成,菊水,金栗PROJECT A,3.0,566.0,3.0,552.0,566.0,0.9752650176678446,input/external/drive/shared/大会/2025年度/0921_中学駅伝金栗四三生誕の地なごみ大会/成績表.json
nagomi,永田來夢,玉陵,玉名アスリーツB,3.0,590.0,3.0,570.0,590.0,0.9661016949152542,input/external/drive/shared/大会/2025年度/0921_中学駅伝金栗四三生誕の地なごみ大会/成績表.json
nagomi,辛嶋大宙,玉陵,玉名アスリーツB,3.0,637.0,2.855,566.0,602.7120852906103,0.9390885197317576,input/external/drive/shared/大会/2025年度/0921_中学駅伝金栗四三生誕の地なごみ大会/成績表.json
nagomi,一瀬彪眞,玉陵,玉名アスリーツA,3.0,598.0,3.0,566.0,598.0,0.9464882943143813,input/external/drive/shared/大会/2025年度/0921_中学駅伝金栗四三生誕の地なごみ大会/成績表.json
nagomi,居石楓摩,玉陵,玉名アスリーツA,3.0,584.0,3.0,581.0,584.0,0.9948630136986302,input/external/drive/shared/大会/2025年度/0921_中学駅伝金栗四三生誕の地なごみ大会/成績表.json
nagomi,柿本晴仁,玉陵,玉名アスリーツA,3.0,632.0,2.855,575.0,597.9812211988473,0.9615686573689154,input/external/drive/shared/大会/2025年度/0921_中学駅伝金栗四三生誕の地なごみ大会/成績表.json
nagomi,松島颯希,玉陵,玉名アスリーツB,3.0,660.0,3.0,624.0,660.0,0.9454545454545454,input/external/drive/shared/大会/2025年度/0921_中学駅伝金栗四三生誕の地なごみ大会/成績表.json
nagomi,小倉十和,玉高附属,玉名高校付属A,3.0,605.0,3.0,582.0,605.0,0.9619834710743802,input/external/drive/shared/大会/2025年度/0921_中学駅伝金栗四三生誕の地なごみ大会/成績表.json
nagomi,草野瑠唯,玉高附属,玉名高校付属A,3.0,580.0,3.0,554.0,580.0,0.9551724137931035,input/external/drive/shared/大会/2025年度/0921_中学駅伝金栗四三生誕の地なごみ大会/成績表.json
nagomi,秋原康秀,玉高附属,玉名高校付属A,3.0,621.0,3.0,611.0,621.0,0.9838969404186796,input/external/drive/shared/大会/2025年度/0921_中学駅伝金栗四三生誕の地なごみ大会/成績表.json
nagomi,坂上蒼空,玉高附属,玉名高校付属B,3.0,664.0,3.0,619.0,664.0,0.9322289156626506,input/external/drive/shared/大会/2025年度/0921_中学駅伝金栗四三生誕の地なごみ大会/成績表.json
nagomi,濵北佑斗,長洲,長洲A,3.0,650.0,3.0,568.0,650.0,0.8738461538461538,input/external/drive/shared/大会/2025年度/0921_中学駅伝金栗四三生誕の地なごみ大会/成績表.json
nagomi,福田虎之助,長洲,長洲B,3.0,626.0,2.855,569.0,592.3041842887317,0.9606550402531489,input/external/drive/shared/大会/2025年度/0921_中学駅伝金栗四三生誕の地なごみ大会/成績表.json
nagomi,石川隼,長洲,長洲C,3.0,617.0,3.0,590.0,617.0,0.9562398703403565,input/external/drive/shared/大会/2025年度/0921_中学駅伝金栗四三生誕の地なごみ大会/成績表.json
nagomi,前畑春馬,長洲,長洲C,3.0,621.0,3.0,608.0,621.0,0.9790660225442834,input/external/drive/shared/大会/2025年度/0921_中学駅伝金栗四三生誕の地なごみ大会/成績表.json
junior,倉田裕斗,岱明,岱明中,3.0,601,3.0,572.0,601.0,0.9517470881863561,input/external/drive/shared/大会/2025年度/0927_第２回熊本県ジュニア駅伝競走大会/岱明の結果.md
nagomi,松野凛空,岱明,岱明A,3.0,614.0,2.855,567.0,580.9501104685004,0.9759874209211348,input/external/drive/shared/大会/2025年度/0921_中学駅伝金栗四三生誕の地なごみ大会/成績表.json
junior,松野凛空,岱明,岱明中,2.6,540,2.855,567.0,599.4805767476464,0.9458188004624556,input/external/drive/shared/大会/2025年度/0927_第２回熊本県ジュニア駅伝競走大会/岱明の結果.md
nagomi,今村昇磨,岱明,岱明A,3.0,605.0,3.0,578.0,605.0,0.9553719008264463,input/external/drive/shared/大会/2025年度/0921_中学駅伝金栗四三生誕の地なごみ大会/成績表.json
junior,今村昇磨,岱明,岱明中,2.6,511,3.0,578.0,599.5588104777463,0.9640422088692724,input/external/drive/shared/大会/2025年度/0927_第２回熊本県ジュニア駅伝競走大会/岱明の結果.md
nagomi,佐藤央琉,岱明,岱明A,3.0,642.0,3.0,622.0,642.0,0.9688473520249221,input/external/drive/shared/大会/2025年度/0921_中学駅伝金栗四三生誕の地なごみ大会/成績表.json
junior,佐藤央琉,岱明,岱明中,2.6,520,3.0,622.0,610.1185546935969,1.0194739943819116,input/external/drive/shared/大会/2025年度/0927_第２回熊本県ジュニア駅伝競走大会/岱明の結果.md
nagomi,山本哲瑠,岱明,岱明B,3.0,648.0,2.855,577.0,613.119986292489,0.9410882256327916,input/external/drive/shared/大会/2025年度/0921_中学駅伝金栗四三生誕の地なごみ大会/成績表.json
junior,山本哲瑠,岱明,岱明中,2.6,521,2.855,577.0,578.3877416398589,0.9976006724556017,input/external/drive/shared/大会/2025年度/0927_第２回熊本県ジュニア駅伝競走大会/岱明の結果.md
nagomi,案浦竜士,岱明,岱明A,3.0,641.0,3.0,632.0,641.0,0.9859594383775351,input/external/drive/shared/大会/2025年度/0921_中学駅伝金栗四三生誕の地なごみ大会/成績表.json
junior,案浦竜士,岱明,岱明中,2.6,535,3.0,632.0,627.7181283866815,1.006821328586325,input/external/drive/shared/大会/2025年度/0927_第２回熊本県ジュニア駅伝競走大会/岱明の結果.md
nagomi,村上葉侑,南関,南関A,3.0,613.0,3.0,569.0,613.0,0.9282218597063622,input/external/drive/shared/大会/2025年度/0921_中学駅伝金栗四三生誕の地なごみ大会/成績表.json
nagomi,永清芯,南関,南関A,3.0,640.0,3.0,614.0,640.0,0.959375,input/external/drive/shared/大会/2025年度/0921_中学駅伝金栗四三生誕の地なごみ大会/成績表.json
nagomi,本多蒼,南関,南関B,3.0,678.0,2.855,590.0,641.5051708430672,0.9197119942534852,input/external/drive/shared/大会/2025年度/0921_中学駅伝金栗四三生誕の地なごみ大会/成績表.json
nagomi,藤原尚己,荒尾四,荒尾第四B,3.0,619.0,2.855,574.0,585.6809745602634,0.980055738417944,input/external/drive/shared/大会/2025年度/0921_中学駅伝金栗四三生誕の地なごみ大会/成績表.json
nagomi,北村政人,荒尾四,荒尾第四B,3.0,662.0,3.0,623.0,662.0,0.9410876132930514,input/external/drive/shared/大会/2025年度/0921_中学駅伝金栗四三生誕の地なごみ大会/成績表.json
nagomi,谷平陽生,荒尾四,荒尾第四A,3.0,659.0,3.0,661.0,659.0,1.0030349013657056,input/external/drive/shared/大会/2025年度/0921_中学駅伝金栗四三生誕の地なごみ大会/成績表.json
nagomi,中田透和,荒尾四,荒尾第四B,3.0,665.0,2.855,617.0,629.2049242044833,0.9806026244630647,input/external/drive/shared/大会/2025年度/0921_中学駅伝金栗四三生誕の地なごみ大会/成績表.json
nagomi,山内理登,玉南,玉南A,3.0,629.0,3.0,615.0,629.0,0.9777424483306836,input/external/drive/shared/大会/2025年度/0921_中学駅伝金栗四三生誕の地なごみ大会/成績表.json
nagomi,野口慎太郎,玉南,玉南A,3.0,702.0,2.855,620.0,664.2133184835297,0.9334350618194867,input/external/drive/shared/大会/2025年度/0921_中学駅伝金栗四三生誕の地なごみ大会/成績表.json
nagomi,木村幹太,天水,天水,3.0,616.0,3.0,588.0,616.0,0.9545454545454546,input/external/drive/shared/大会/2025年度/0921_中学駅伝金栗四三生誕の地なごみ大会/成績表.json
nagomi,山本悠斗,天水,天水,3.0,573.0,2.855,517.0,542.1570249160435,0.9535982681033429,input/external/drive/shared/大会/2025年度/0921_中学駅伝金栗四三生誕の地なごみ大会/成績表.json
nagomi,坂口昂輝,天水,天水,3.0,659.0,3.0,633.0,659.0,0.960546282245827,input/external/drive/shared/大会/2025年度/0921_中学駅伝金栗四三生誕の地なごみ大会/成績表.json
nagomi,田上遥睦,天水,天水,3.0,723.0,3.0,651.0,723.0,0.9004149377593361,input/external/drive/shared/大会/2025年度/0921_中学駅伝金栗四三生誕の地なごみ大会/成績表.json
