team,leg,km,name,formula_sec,formula_time,baseline_sec,baseline_time,error_sec,n_races,latest_race,prediction_basis
南関中,1,3.0,福山 結衣,652.6341644624106,10:52.6,613.0,10:13.0,39.63416446241058,12,2026-09-26,race_records
南関中,2,1.855,米田 美空,412.53774272472157,6:52.5,426.6,7:06.6,-14.062257275278455,10,2026-09-26,race_records
南関中,3,2.0,平山 結菜,441.07631890580336,7:21.1,460.0,7:40.0,-18.92368109419664,12,2026-09-26,race_records
南関中,4,2.0,原賀 美和,453.4486269491215,7:33.4,473.0,7:53.0,-19.55137305087851,2,2026-09-26,race_records
南関中,5,3.0,堀田 稔々,646.030113085629,10:46.0,650.2,10:50.2,-4.169886914371091,19,2026-09-26,race_records
岱明中,1,3.0,村上 咲稀,652.9459220033219,10:52.9,640.5,10:40.5,12.445922003321925,21,2026-09-26,race_records
岱明中,2,1.855,山﨑 莉奈,412.0586833158942,6:52.1,410.0,6:50.0,2.0586833158942,6,2026-09-26,race_records
岱明中,3,2.0,角田 亜美,456.5611261510428,7:36.6,454.7,7:34.7,1.8611261510428108,16,2026-09-26,race_records
岱明中,4,2.0,増岡 里俐,458.07427126157285,7:38.1,444.8,7:24.8,13.274271261572835,10,2026-09-20,race_records
岱明中,5,3.0,高田 麻由,693.9916508678232,11:34.0,678.2,11:18.2,15.791650867823137,13,2026-09-26,race_records
玉名高附,1,3.0,大木 莉子,631.4837676910253,10:31.5,620.5,10:20.5,10.983767691025264,18,2026-08-29,race_records
玉名高附,2,1.855,田口 心晴,476.799864812477,7:56.8,479.0,7:59.0,-2.200135187523017,4,2026-09-26,race_records
玉名高附,3,2.0,永江 春花,522.614939836241,8:42.6,535.9,8:55.9,-13.285060163758999,2,2026-06-14,race_records
玉名高附,4,2.0,中山 結葵,523.3318548403981,8:43.3,,—,,2,2026-09-26,race_records
玉名高附,5,3.0,戸谷 美月,709.6821970040019,11:49.7,724.9,12:04.9,-15.217802995998113,8,2026-09-20,race_records
菊水中,1,3.0,森心雅,733.4917917553962,12:13.5,706.1,11:46.1,27.391791755396184,7,2026-09-20,race_records
菊水中,2,1.855,高集穂花,423.5975221961217,7:03.6,423.0,7:03.0,0.5975221961217017,1,2025-10-15,race_records
菊水中,3,2.0,秀島礼亜,446.48469224011404,7:26.5,456.5,7:36.5,-10.015307759885957,1,2026-05-24,race_records
菊水中,4,2.0,金澤朱里,464.31962119598717,7:44.3,469.5,7:49.5,-5.1803788040128325,17,2026-09-21,race_records
菊水中,5,3.0,荒木陽依,720.565954503654,12:00.6,681.1,11:21.1,39.46595450365396,1,2025-10-15,race_records
玉陵中,1,3.0,居石華音,611.7086967513993,10:11.7,608.7,10:08.7,3.0086967513992704,26,2026-09-21,race_records
玉陵中,2,1.855,松本倫甲,469.34239500347826,7:49.3,468.7,7:48.7,0.6423950034782706,1,2025-10-15,race_records
玉陵中,3,2.0,田上千乃,526.6230803203265,8:46.6,508.7,8:28.7,17.923080320326505,2,2025-10-15,race_records
玉陵中,4,2.0,高田奈和,516.363558929672,8:36.4,511.2,8:31.2,5.163558929671979,1,2025-10-15,race_records
玉陵中,5,3.0,永田珠莉,744.8103628825908,12:24.8,758.3,12:38.3,-13.489637117409188,5,2026-09-21,race_records
天水中,1,3.0,田尻雛菜乃,708.1861931291995,11:48.2,702.0,11:42.0,6.186193129199523,6,2026-09-20,race_records
天水中,2,1.855,浦田咲希,436.51838249545574,7:16.5,463.5,7:43.5,-26.98161750454426,9,2025-10-15,race_records
天水中,3,2.0,山本桜愛,464.28163565238236,7:44.3,484.9,8:04.9,-20.618364347617614,6,2026-09-20,race_records
天水中,4,2.0,竹原晴美,482.2952687478727,8:02.3,502.3,8:22.3,-20.00473125212733,11,2026-09-20,race_records
天水中,5,3.0,花谷明優,734.5589294177573,12:14.6,744.7,12:24.7,-10.141070582242719,13,2026-09-20,race_records
荒尾海陽中,1,3.0,中尾菜々,732.5982736173875,12:12.6,686.6,11:26.6,45.99827361738744,1,2025-10-15,race_records
荒尾海陽中,2,1.855,前田凛子,430.5497861955881,7:10.5,446.9,7:26.9,-16.35021380441185,5,2026-09-26,race_records
荒尾海陽中,3,2.0,石川葵葉,465.03385225482475,7:45.0,491.9,8:11.9,-26.866147745175226,2,2026-09-26,race_records
荒尾海陽中,4,2.0,今村心晴,484.1599988279566,8:04.2,515.0,8:35.0,-30.8400011720434,1,2026-04-29,race_records
荒尾海陽中,5,3.0,三原悠愛,692.0325148016586,11:32.0,669.3,11:09.3,22.73251480165868,9,2026-09-26,race_records
荒尾三中,1,3.0,庄山 瑠那,604.1203707957344,10:04.1,591.5,9:51.5,12.620370795734402,30,2026-09-21,race_records
荒尾三中,2,1.855,平 夢花,439.0029328759677,7:19.0,450.0,7:30.0,-10.997067124032299,3,2026-09-21,race_records
荒尾三中,3,2.0,内野 沙笑,441.0077605327887,7:21.0,465.6,7:45.6,-24.5922394672113,8,2026-09-21,race_records
荒尾三中,4,2.0,佐藤 妃葵,435.6648268960108,7:15.7,436.4,7:16.4,-0.7351731039891547,9,2026-09-21,race_records
荒尾三中,5,3.0,福島 志帆,654.5229976516474,10:54.5,664.9,11:04.9,-10.377002348352562,12,2026-09-21,race_records
長洲中,1,3.0,猿渡 愛梨,648.367355427765,10:48.4,642.2,10:42.2,6.16735542776496,17,2026-09-21,race_records
長洲中,2,1.855,村里 唯花,436.1977106976341,7:16.2,432.1,7:12.1,4.0977106976340565,8,2026-07-19,race_records
長洲中,3,2.0,濱北 愛,430.08163540878655,7:10.1,426.5,7:06.5,3.5816354087865534,19,2026-09-21,race_records
長洲中,4,2.0,山川 綾,419.4910795856778,6:59.5,449.2,7:29.2,-29.708920414322165,11,2026-07-19,race_records
長洲中,5,3.0,中村 羽音,648.5165440063624,10:48.5,658.0,10:58.0,-9.483455993637563,18,2026-09-21,race_records
玉名中,1,3.0,清藤 結唯,653.5589767202941,10:53.6,664.9,11:04.9,-11.341023279705837,22,2026-09-21,race_records
玉名中,2,1.855,亀木,395.23570105556064,6:35.2,394.7,6:34.7,0.5357010555606507,1,2025-10-15,prior_year_B_provisional
玉名中,3,2.0,川原 芽吹,441.0806850441236,7:21.1,449.5,7:29.5,-8.419314955876416,11,2026-09-21,race_records
玉名中,4,2.0,結菜,445.72422813197124,7:25.7,441.3,7:21.3,4.424228131971233,1,2025-10-15,prior_year_B_provisional
玉名中,5,3.0,水本 星夏,660.6269809813144,11:00.6,654.0,10:54.0,6.626980981314432,1,2025-10-15,race_records
