gender,team,leg,km,name,pred_sec,pred,sb_800,sb_1500,sb_3000,note,as_of,freshness_days
女子,岱明中,1,3.0,村上 咲稀,631.0,10:31.0,2:20.11 @2026/05/24,4:53.85 @2026/07/04,—,1500m SB→2km式を距離比例＋区間バイアス+21s,2026-09-27,152
女子,岱明中,2,1.855,山﨑 莉奈,422.4,7:02.4,2:32.23 @2026/07/19,5:28.8 @2026-08-29,—,1500m SB→2km式を距離比例＋区間バイアス+2s,2026-09-27,152
女子,岱明中,3,2.0,角田 亜美,445.6,7:25.6,2:39.42 @2026/05/24,5:31.34 @2026/07/18,—,1500m SB→2km式を距離比例＋区間バイアス-11s,2026-09-27,152
女子,岱明中,4,2.0,増岡 里俐,468.7,7:48.7,2:38.96 @2026/05/24,5:34.40 @2026/07/04,—,1500m SB→2km式を距離比例＋区間バイアス+8s,2026-09-27,152
女子,岱明中,5,3.0,高田 麻由,681.2,11:21.2,—,5:10.80 @2026/07/18,—,1500m SB→2km式を距離比例＋区間バイアス+37s,2026-09-27,152
男子,岱明中,1,3.0,松野 凛空,572.0,9:32.0,—,4:22.33 @2026/07/04,9:37.84 @2026/06/13,3000m SBを距離比例＋区間バイアス-6s,2026-09-27,152
男子,岱明中,2,2.855,山本 哲瑠,561.9,9:21.9,—,4:30.13 @2026/06/14,—,1500m SB→3km式を距離比例＋区間バイアス+14s,2026-09-27,152
男子,岱明中,3,3.0,今村 昇磨,638.8,10:38.8,2:15.70 @2026/06/13,4:45.35 @2026/07/19,10:28.92 @2026/07/04,3000m SBを距離比例＋区間バイアス+10s,2026-09-27,152
男子,岱明中,4,3.0,田上 颯人,617.7,10:17.7,—,4:33.6 @2026-08-29,10:24.08 @2026/06/13,1500m SB→3km式（3000mが+42s遅い）＋区間バイアス+36s,2026-09-27,152
男子,岱明中,5,2.855,（未決）,,—,—,—,—,オーダー未決,2026-09-27,152
男子,岱明中,6,3.0,（未決）,,—,—,—,—,オーダー未決,2026-09-27,152
