gender,team,leg,km,name,pred_sec,pred,sb_800,sb_1500,sb_3000,note,source,as_of,freshness_days
男子,玉名高附,1,3.0,小倉 十和,573.1,9:33.1,—,4:21.99 @2026/05/24,9:28.13 @2026/06/13,※仮 / SB:3000m 9:28.13@2026/06/13→3000m SBを距離比例→区間3km=9:28.1 / 駅伝加味:SB9:28.1(w=0.02)+荒玉2025 9:42.0@3.0km(2025-10-15)→比例9:42.0(w=0.55)→加重9:41.6 / 前年伸び:荒玉2025 9:42.0@3.0km(2025-10-15)→比例9:42.0×-2%→9:33.3採用（ブレンド9:41.6より速い） / 3000mトラック優先:9:28.13@2026/06/13→区間3km比例9:28.1+5s=9:33.1（計算9:33.3より速い） →予想9:33.1,junior+sb,2026-09-27,152
男子,玉名高附,2,2.855,中岡 謙太,567.5,9:27.5,—,4:38.55 @2026/04/29,9:51.09 @2026/05/23,※仮 / SB:3000m 9:51.09@2026/05/23→3000m SBを距離比例→区間2.855km=9:36.9＋区間バイアス+14s / 3000mトラック優先:9:51.09@2026/05/23→区間2.855km比例9:22.5+5s=9:27.5（計算9:36.9より速い） →予想9:27.5,junior+sb,2026-09-27,152
男子,玉名高附,3,3.0,草野 瑠唯,545.7,9:05.7,—,4:21.26 @2026/04/29,9:28.42 @2026/06/13,※仮 / SB:3000m 9:28.42@2026/06/13→3000m SBを距離比例→区間3km=9:28.4 / 駅伝加味:SB9:28.4(w=0.02)+荒玉2025 9:14.0@3.0km(2025-10-15)→比例9:14.0(w=0.55)→加重9:14.4 / 前年伸び:荒玉2025 9:14.0@3.0km(2025-10-15)→比例9:14.0×-2%→9:05.7採用（ブレンド9:14.4より速い） →予想9:05.7,junior+sb,2026-09-27,152
男子,玉名高附,4,3.0,秋原 康秀,601.8,10:01.8,2:05.56 @2026/06/13,4:33.96 @2026/07/04,—,※仮 / SB:1500m 4:33.96@2026/07/04→1500m SB→3km式を距離比例→区間3km=9:42.9 / 駅伝加味:SB9:42.9(w=0.03)+荒玉2025 10:11.0@3.0km(2025-10-15)→比例10:11.0(w=0.55)→加重10:09.3 / 前年伸び:荒玉2025 10:11.0@3.0km(2025-10-15)→比例10:11.0×-2%→10:01.8採用（ブレンド10:09.3より速い） →予想10:01.8,junior+sb,2026-09-27,152
男子,玉名高附,5,2.855,福島 圭希,600.1,10:00.1,—,4:48.48 @2026/07/04,—,※仮 / SB:1500m 4:48.48@2026/07/04→1500m SB→3km式を距離比例→区間2.855km=10:00.1＋区間バイアス+18s →予想10:00.1,junior+sb,2026-09-27,152
男子,玉名高附,6,3.0,小倉 由宇,609.1,10:09.1,—,4:43.21 @2026/07/04,—,※仮 / SB:1500m 4:43.21@2026/07/04→1500m SB→3km式を距離比例→区間3km=10:01.4 / 駅伝加味:SB10:01.4(w=0.01)+ジュニアCS 8:48.0@2.6km(2026-09-26)→比例10:09.2(w=0.55)→加重10:09.1 →予想10:09.1,junior+sb,2026-09-27,152
男子,菊水中,1,3.0,隈部侑成,537.5,8:57.5,—,4:11.60 @2026/06/14,8:52.46 @2026/09/12,※仮 / SB:3000m 8:52.46@2026/09/12→3000m SBを距離比例→区間3km=8:52.5 / 駅伝加味:SB8:52.5(w=0.07)+なごみ 9:17.0@3.0km(2026-09-20)→比例9:17.0(w=0.45)+荒玉2025 9:12.0@3.0km(2025-10-15)→比例9:12.0(w=0.55)→加重9:12.8 / 前年伸び:荒玉2025 9:12.0@3.0km(2025-10-15)→比例9:12.0×-2%→9:01.0採用（ブレンド9:12.8より速い） / 3000mトラック優先:8:52.46@2026/09/12→区間3km比例8:52.5+5s=8:57.5（計算9:01.0より速い） →予想8:57.5,school_mapped_sb,2026-09-27,152
男子,菊水中,2,2.855,川崎大芽,615.6,10:15.6,2:16.35 @2026/06/13,4:44.25 @2026/06/27,—,※仮 / SB:1500m 4:44.25@2026/06/27→1500m SB→3km式を距離比例→区間2.855km=9:34.3 / 駅伝加味:SB9:34.3(w=0.03)+荒玉2025 10:25.0@2.9km(2025-10-15)→比例10:25.0(w=0.55)→加重10:22.6 / 前年伸び:荒玉2025 10:25.0@2.9km(2025-10-15)→比例10:25.0×-2%→10:15.6採用（ブレンド10:22.6より速い） →予想10:15.6,school_mapped_sb,2026-09-27,152
男子,菊水中,3,3.0,田中元稀,569.2,9:29.2,—,4:27.00 @2026/09/21,9:24.24 @2026/09/12,※仮 / SB:3000m 9:24.24@2026/09/12→3000m SBを距離比例→区間3km=9:24.2 / 駅伝加味:SB9:24.2(w=0.35)+荒玉2025 9:47.0@2.9km(2025-10-15)→比例10:16.8(w=0.55)→加重9:56.4 / 3000mトラック優先:9:24.24@2026/09/12→区間3km比例9:24.2+5s=9:29.2（計算9:56.4より速い） →予想9:29.2,school_mapped_sb,2026-09-27,152
男子,菊水中,4,3.0,津口晃誠,581.4,9:41.4,—,4:30.94 @2026/05/09,9:36.40 @2026/09/12,※仮 / SB:3000m 9:36.40@2026/09/12→3000m SBを距離比例→区間3km=9:36.4 / 駅伝加味:SB9:36.4(w=0.07)+なごみ 9:44.0@3.0km(2026-09-20)→比例9:44.0(w=0.45)→加重9:43.0 / 3000mトラック優先:9:36.40@2026/09/12→区間3km比例9:36.4+5s=9:41.4（計算9:43.0より速い） →予想9:41.4,school_mapped_sb,2026-09-27,152
男子,菊水中,5,2.855,福原雅史,596.4,9:56.4,—,4:46.56 @2026/06/27,—,※仮 / SB:1500m 4:46.56@2026/06/27→1500m SB→3km式を距離比例→区間2.855km=9:56.4＋区間バイアス+18s →予想9:56.4,school_mapped_sb,2026-09-27,152
男子,菊水中,6,3.0,松山哲丈,599.9,9:59.8,—,4:38.58 @2026/07/19,9:54.85 @2026/09/21,※仮 / SB:3000m 9:54.85@2026/09/21→3000m SBを距離比例→区間3km=10:10.1＋区間バイアス+15s / 3000mトラック優先:9:54.85@2026/09/21→区間3km比例9:54.8+5s=9:59.8（計算10:10.0より速い） →予想9:59.8,school_mapped_sb,2026-09-27,152
男子,玉陵中,1,3.0,柿本晴仁,559.5,9:19.5,—,4:19.41 @2026/06/14,9:14.53 @2026/09/12,※仮 / SB:3000m 9:14.53@2026/09/12→3000m SBを距離比例→区間3km=9:14.5 / 駅伝加味:SB9:14.5(w=0.35)+荒玉2025 9:35.0@2.9km(2025-10-15)→比例10:04.2(w=0.55)→加重9:45.0 / 3000mトラック優先:9:14.53@2026/09/12→区間3km比例9:14.5+5s=9:19.5（計算9:45.0より速い） →予想9:19.5,school_mapped_sb,2026-09-27,152
男子,玉陵中,2,2.855,内野翼,568.0,9:28.0,—,4:33.34 @2026/07/19,—,※仮 / SB:1500m 4:33.34@2026/07/19→1500m SB→3km式を距離比例→区間2.855km=9:28.0＋区間バイアス+14s →予想9:28.0,school_mapped_sb,2026-09-27,152
男子,玉陵中,3,3.0,永田來夢,561.5,9:21.4,—,4:20.79 @2026/07/04,9:20.09 @2026/09/12,※仮 / SB:3000m 9:20.09@2026/09/12→3000m SBを距離比例→区間3km=9:20.1 / 駅伝加味:SB9:20.1(w=0.35)+荒玉2025 9:30.0@3.0km(2025-10-15)→比例9:30.0(w=0.55)→加重9:26.2 / 前年伸び:荒玉2025 9:30.0@3.0km(2025-10-15)→比例9:30.0×-2%→9:21.4採用（ブレンド9:26.2より速い） →予想9:21.4,school_mapped_sb,2026-09-27,152
男子,玉陵中,4,3.0,辛嶋大宙,569.4,9:29.4,—,4:21.59 @2026/07/04,9:24.36 @2026/09/12,※仮 / SB:3000m 9:24.36@2026/09/12→3000m SBを距離比例→区間3km=9:24.4 / 駅伝加味:SB9:24.4(w=0.35)+荒玉2025 9:26.0@2.9km(2025-10-15)→比例9:54.7(w=0.55)→加重9:43.0 / 3000mトラック優先:9:24.36@2026/09/12→区間3km比例9:24.4+5s=9:29.4（計算9:43.0より速い） →予想9:29.4,school_mapped_sb,2026-09-27,152
男子,玉陵中,5,2.855,松島颯希,569.7,9:29.7,—,4:30.56 @2026/06/14,9:53.36 @2026/09/12,※仮 / SB:3000m 9:53.36@2026/09/12→3000m SBを距離比例→区間2.855km=9:24.7 / 駅伝加味:SB9:24.7(w=0.35)+荒玉2025 10:24.0@3.0km(2025-10-15)→比例9:53.8(w=0.55)→加重9:42.5 / 3000mトラック優先:9:53.36@2026/09/12→区間2.855km比例9:24.7+5s=9:29.7（計算9:42.5より速い） →予想9:29.7,school_mapped_sb,2026-09-27,152
男子,玉陵中,6,3.0,宮川晴,581.3,9:41.3,—,4:29.83 @2026/09/21,9:36.31 @2026/09/12,※仮 / SB:3000m 9:36.31@2026/09/12→3000m SBを距離比例→区間3km=9:51.5＋区間バイアス+15s / 3000mトラック優先:9:36.31@2026/09/12→区間3km比例9:36.3+5s=9:41.3（計算9:51.5より速い） →予想9:41.3,school_mapped_sb,2026-09-27,152
男子,南関中,1,3.0,永清 芯,609.4,10:09.4,2:15.06 @2026/06/13,4:33.80 @2026/05/24,9:55.22 @2026/05/09,※仮 / SB:3000m 9:55.22@2026/05/09→3000m SBを距離比例→区間3km=9:49.4＋区間バイアス-6s / 人間+20s(直近フォーム上がらず。Jr以降も調子が乗りきれていない) →予想10:09.4,junior+sb,2026-09-27,152
男子,南関中,2,2.855,田中 翔大,562.4,9:22.4,—,4:31.64 @2026/07/04,9:24.66 @2026/06/13,※仮 / SB:3000m 9:24.66@2026/06/13→3000m SBを距離比例→区間2.855km=8:57.4 / 駅伝加味:SB8:57.4(w=0.02)+荒玉2025 10:04.0@3.0km(2025-10-15)→比例9:34.8(w=0.55)→加重9:33.7 / 前年伸び:荒玉2025 10:04.0@3.0km(2025-10-15)→比例9:34.8×-2%→9:26.2採用（ブレンド9:33.7より速い） / 3000mトラック優先:9:24.66@2026/06/13→区間2.855km比例8:57.4+5s=9:02.4（計算9:26.2より速い） / 人間+20s(直近フォーム上がらず。Jr以降も調子が乗りきれていない) →予想9:22.4,junior+sb,2026-09-27,152
男子,南関中,3,3.0,大木 蒼介,613.5,10:13.5,—,4:34.32 @2026/05/24,—,※仮 / SB:1500m 4:34.32@2026/05/24→1500m SB→3km式を距離比例→区間3km=9:53.5＋区間バイアス+10s / 人間+20s(直近フォーム上がらず。Jr以降も調子が乗りきれていない) →予想10:13.5,junior+sb,2026-09-27,152
男子,南関中,4,3.0,本多 蒼,663.8,11:03.8,—,4:46.63 @2026/07/04,10:43.15 @2026/07/18,※仮 / SB:1500m 4:46.63@2026/07/04（3000m 10:43.15@2026/07/18不採用）→1500m SB→3km式（3000mが+35s遅い）→区間3km=10:43.8＋区間バイアス+36s / 人間+20s(直近フォーム上がらず。Jr以降も調子が乗りきれていない) →予想11:03.8,junior+sb,2026-09-27,152
男子,南関中,5,2.855,村上 葉侑,553.4,9:13.4,—,4:24.54 @2026/07/04,9:46.66 @2026/05/23,※仮 / SB:3000m 9:46.66@2026/05/23→3000m SBを距離比例→区間2.855km=9:18.3 / 駅伝加味:SB9:18.3(w=0.01)+荒玉2025 9:29.0@3.0km(2025-10-15)→比例9:01.5(w=0.55)→加重9:01.8 / 前年伸び:荒玉2025 9:29.0@3.0km(2025-10-15)→比例9:01.5×-2%→8:53.4採用（ブレンド9:01.8より速い） / 人間+20s(直近フォーム上がらず。Jr以降も調子が乗りきれていない) →予想9:13.4,junior+sb,2026-09-27,152
男子,南関中,6,3.0,猿渡 元喜,651.1,10:51.1,—,4:50.45 @2026/07/19,—,※仮 / SB:1500m 4:50.45@2026/07/19→1500m SB→3km式を距離比例→区間3km=10:31.1＋区間バイアス+15s / 人間+20s(直近フォーム上がらず。Jr以降も調子が乗りきれていない) →予想10:51.1,junior+sb,2026-09-27,152
男子,岱明中,1,3.0,松野 凛空,560.0,9:20.0,—,4:22.33 @2026/07/04,9:37.84 @2026/06/13,確定 / SB:3000m 9:37.84@2026/06/13→3000m SBを距離比例→区間3km=9:37.8 / 駅伝加味:SB9:37.8(w=0.00)+ジュニアCS 9:41.0@3.0km(2026-09-26)→比例9:41.0(w=0.55)→加重9:41.0 / 人間set=9:20.0(本番1区は9:20でいける) →予想9:20.0,confirmed+provisional,2026-09-27,152
男子,岱明中,2,2.855,山本 哲瑠,562.5,9:22.5,—,4:30.13 @2026/06/14,—,確定 / SB:1500m 4:30.13@2026/06/14→1500m SB→3km式を距離比例→区間2.855km=9:07.5 / 駅伝加味:SB9:07.5(w=0.00)+ジュニアCS 8:34.0@2.6km(2026-09-26)→比例9:24.4(w=0.55)+なごみ 10:11.0@3.0km(2026-09-20)→比例9:41.5(w=0.45)+荒玉2025 9:37.0@2.9km(2025-10-15)→比例9:37.0(w=0.55)→加重9:33.8 / 前年伸び:荒玉2025 9:37.0@2.9km(2025-10-15)→比例9:37.0×-2%→9:25.5採用（ブレンド9:33.8より速い） / 人間-3s(なごみより上向き・競り合いで燃える) →予想9:22.5,confirmed+provisional,2026-09-27,152
男子,岱明中,3,3.0,今村 昇磨,581.1,9:41.1,2:15.70 @2026/06/13,4:45.35 @2026/07/19,10:28.92 @2026/07/04,確定 / SB:3000m 10:28.92@2026/07/04→3000m SBを距離比例→区間3km=10:28.9 / 駅伝加味:SB10:28.9(w=0.01)+ジュニアCS 8:27.0@2.6km(2026-09-26)→比例9:45.0(w=0.55)+なごみ 10:07.0@3.0km(2026-09-20)→比例10:07.0(w=0.45)+荒玉2025 9:38.0@3.0km(2025-10-15)→比例9:38.0(w=0.55)→加重9:49.1 / 人間-8s(本番覚醒・殻破り期待（昨年9:38以上）) →予想9:41.1,confirmed+provisional,2026-09-27,152
男子,岱明中,4,3.0,田上 颯人,580.0,9:40.0,—,4:33.6 @2026-08-29,10:24.08 @2026/06/13,確定 / SB:1500m 4:33.6@2026-08-29（3000m 10:24.08@2026/06/13不採用）→1500m SB→3km式（3000mが+42s遅い）→区間3km=9:42.2 / 駅伝加味:SB9:42.2(w=0.04)+ジュニアCS 8:26.0@2.6km(2026-09-26)→比例9:43.8(w=0.55)+なごみ 9:54.0@3.0km(2026-09-20)→比例9:54.0(w=0.45)→加重9:48.2 / 人間set=9:40.0(4区は9:40でいける) →予想9:40.0,confirmed+provisional,2026-09-27,152
男子,岱明中,5,2.855,中尾 快叶,619.0,10:19.0,—,5:03.56 @2026/07/18,—,※仮 / SB:1500m 5:03.56@2026/07/18→1500m SB→3km式を距離比例→区間2.855km=10:11.1 / 駅伝加味:SB10:11.1(w=0.01)+ジュニアCS 9:15.0@2.6km(2026-09-26)→比例10:09.4(w=0.55)+なごみ 11:03.0@3.0km(2026-09-20)→比例10:31.0(w=0.45)→加重10:19.0 →予想10:19.0,confirmed+provisional,2026-09-27,152
男子,岱明中,6,3.0,松本 空羽,690.5,11:30.5,—,5:11.17 @2026/07/04,—,※仮 / SB:1500m 5:11.17@2026/07/04→1500m SB→3km式を距離比例→区間3km=10:57.3 / 駅伝加味:SB10:57.3(w=0.01)+なごみ 11:31.0@3.0km(2026-09-20)→比例11:31.0(w=0.45)→加重11:30.5 →予想11:30.5,confirmed+provisional,2026-09-27,152
男子,玉名中,1,3.0,河野壮大,565.4,9:25.4,—,—,—,※仮 / SBなし（トラック5ヶ月窓内記録なし） / 駅伝加味:荒玉2025 9:34.0@3.0km(2025-10-15)→比例9:34.0(w=0.55)→加重9:34.0 / 前年伸び:荒玉2025 9:34.0@3.0km(2025-10-15)→比例9:34.0×-2%→9:25.4採用（ブレンド9:34.0より速い） →予想9:25.4,school_mapped_sb,2026-09-27,152
男子,玉名中,2,2.855,大原彩透,606.2,10:06.2,—,4:53.45 @2026/09/21,11:06.76 @2026/07/18,※仮 / SB:1500m 4:53.45@2026/09/21（3000m 11:06.76@2026/07/18不採用）→1500m SB→3km式（3000mが+45s遅い）→区間2.855km=10:06.2＋区間バイアス+14s →予想10:06.2,school_mapped_sb,2026-09-27,152
男子,玉名中,3,3.0,田島航,580.9,9:40.9,—,4:22.79 @2026/07/19,9:35.87 @2026/07/04,※仮 / SB:3000m 9:35.87@2026/07/04→3000m SBを距離比例→区間3km=9:45.8＋区間バイアス+10s / 3000mトラック優先:9:35.87@2026/07/04→区間3km比例9:35.9+5s=9:40.9（計算9:45.8より速い） →予想9:40.9,school_mapped_sb,2026-09-27,152
男子,玉名中,4,3.0,萩原大介,620.5,10:20.5,—,4:35.02 @2026/07/19,—,※仮 / SB:1500m 4:35.02@2026/07/19→1500m SB→3km式を距離比例→区間3km=10:20.5＋区間バイアス+36s →予想10:20.5,school_mapped_sb,2026-09-27,152
男子,玉名中,5,2.855,林田竜空,608.7,10:08.7,—,4:49.94 @2026/07/04,10:34.38 @2026/06/13,※仮 / SB:3000m 10:34.38@2026/06/13→3000m SBを距離比例→区間2.855km=10:21.4＋区間バイアス+18s / 3000mトラック優先:10:34.38@2026/06/13→区間2.855km比例10:03.7+5s=10:08.7（計算10:21.4より速い） →予想10:08.7,school_mapped_sb,2026-09-27,152
男子,玉名中,6,3.0,中村龍之介,629.2,10:29.2,—,4:49.48 @2026/07/19,—,※仮 / SB:1500m 4:49.48@2026/07/19→1500m SB→3km式を距離比例→区間3km=10:29.2＋区間バイアス+15s →予想10:29.2,school_mapped_sb,2026-09-27,152
男子,天水中,1,3.0,中村七皇,659.0,10:59.0,—,4:35.49 @2026/07/19,—,※仮 / SB:1500m 4:35.49@2026/07/19→1500m SB→3km式を距離比例→区間3km=9:46.0 / 駅伝加味:SB9:46.0(w=0.06)+荒玉2024 10:45.0@2.9km(2024-10-16)→比例11:17.8(w=0.22)→加重10:59.0 →予想10:59.0,school_mapped_sb,2026-09-27,152
男子,天水中,2,2.855,中山喬晴,616.8,10:16.8,—,—,—,※仮 / SBなし（トラック5ヶ月窓内記録なし） / 駅伝加味:荒玉2024 11:03.0@3.0km(2024-10-16)→比例10:31.0(w=0.22)→加重10:31.0 / 前年伸び:荒玉2024 11:03.0@3.0km(2024-10-16)→比例10:31.0×-2%→10:16.8採用（ブレンド10:31.0より速い） →予想10:16.8,school_mapped_sb,2026-09-27,152
男子,天水中,3,3.0,木村幹太,579.2,9:39.2,—,4:36.63 @2026/07/19,—,※仮 / SB:1500m 4:36.63@2026/07/19→1500m SB→3km式を距離比例→区間3km=9:48.3 / 駅伝加味:SB9:48.3(w=0.06)+荒玉2025 9:48.0@3.0km(2025-10-15)→比例9:48.0(w=0.55)→加重9:48.0 / 前年伸び:荒玉2025 9:48.0@3.0km(2025-10-15)→比例9:48.0×-2%→9:39.2採用（ブレンド9:48.0より速い） →予想9:39.2,school_mapped_sb,2026-09-27,152
男子,天水中,4,3.0,坂口昂輝,623.5,10:23.5,2:15.85 @2026/07/18,4:44.14 @2026/05/24,—,※仮 / SB:1500m 4:44.14@2026/05/24→1500m SB→3km式を距離比例→区間3km=10:03.3 / 駅伝加味:SB10:03.3(w=0.01)+荒玉2025 10:33.0@3.0km(2025-10-15)→比例10:33.0(w=0.55)→加重10:32.5 / 前年伸び:荒玉2025 10:33.0@3.0km(2025-10-15)→比例10:33.0×-2%→10:23.5採用（ブレンド10:32.5より速い） →予想10:23.5,school_mapped_sb,2026-09-27,152
男子,天水中,5,2.855,宮田明仁,714.9,11:54.9,—,5:48.80 @2026/05/24,—,※仮 / SB:1500m 5:48.80@2026/05/24→1500m SB→3km式を距離比例→区間2.855km=11:54.9＋区間バイアス+18s →予想11:54.9,school_mapped_sb,2026-09-27,152
男子,天水中,6,3.0,中村泰夢,665.4,11:05.4,—,5:07.61 @2026/07/18,—,※仮 / SB:1500m 5:07.61@2026/07/18→1500m SB→3km式を距離比例→区間3km=11:05.4＋区間バイアス+15s →予想11:05.4,school_mapped_sb,2026-09-27,152
男子,荒尾海陽中,1,3.0,松本 颯斗,633.0,10:33.0,2:11.61 @2026/07/18,4:37.39 @2026/07/04,10:27.99 @2026/05/09,※仮 / SB:1500m 4:37.39@2026/07/04（3000m 10:27.99@2026/05/09不採用）→1500m SB→3km式（3000mが+38s遅い）→区間3km=9:49.8 / 駅伝加味:SB9:49.8(w=0.03)+荒玉2025 10:56.0@3.0km(2025-10-15)→比例10:56.0(w=0.55)→加重10:52.1 / 前年伸び:荒玉2025 10:56.0@3.0km(2025-10-15)→比例10:56.0×-2%→10:46.2採用（ブレンド10:52.1より速い） / 3000mトラック優先:10:27.99@2026/05/09→区間3km比例10:28.0+5s=10:33.0（計算10:46.2より速い） →予想10:33.0,junior+sb,2026-09-27,152
男子,荒尾海陽中,2,2.855,松井 智義,648.3,10:48.3,—,5:15.56 @2026/06/14,—,※仮 / SB:1500m 5:15.56@2026/06/14→1500m SB→3km式を距離比例→区間2.855km=10:48.3＋区間バイアス+14s →予想10:48.3,junior+sb,2026-09-27,152
男子,荒尾海陽中,3,3.0,吉田 理人,645.2,10:45.2,—,4:43.24 @2026/05/24,10:48.12 @2026/05/09,※仮 / SB:1500m 4:43.24@2026/05/24（3000m 10:48.12@2026/05/09不採用）→1500m SB→3km式（3000mが+47s遅い）→区間3km=10:01.5 / 駅伝加味:SB10:01.5(w=0.01)+荒玉2025 10:55.0@3.0km(2025-10-15)→比例10:55.0(w=0.55)→加重10:54.1 / 前年伸び:荒玉2025 10:55.0@3.0km(2025-10-15)→比例10:55.0×-2%→10:45.2採用（ブレンド10:54.1より速い） →予想10:45.2,junior+sb,2026-09-27,152
男子,荒尾海陽中,4,3.0,荒木 陽翔,683.4,11:23.4,—,5:06.46 @2026/07/18,—,※仮 / SB:1500m 5:06.46@2026/07/18→1500m SB→3km式を距離比例→区間3km=11:23.4＋区間バイアス+36s →予想11:23.4,junior+sb,2026-09-27,152
男子,荒尾海陽中,5,2.855,宮原 維吹,657.5,10:57.5,—,5:18.63 @2026/06/14,—,※仮 / SB:1500m 5:18.63@2026/06/14→1500m SB→3km式を距離比例→区間2.855km=10:57.5＋区間バイアス+18s →予想10:57.5,junior+sb,2026-09-27,152
男子,荒尾海陽中,6,3.0,林田 光司,674.7,11:14.7,2:38.19 @2026/07/18,5:12.24 @2026/06/13,—,※仮 / SB:1500m 5:12.24@2026/06/13→1500m SB→3km式を距離比例→区間3km=11:14.7＋区間バイアス+15s →予想11:14.7,junior+sb,2026-09-27,152
男子,荒尾第四中,1,3.0,藤原 尚己,587.8,9:47.8,—,4:21.88 @2026/07/19,9:42.77 @2026/09/21,※仮 / SB:3000m 9:42.77@2026/09/21→3000m SBを距離比例→区間3km=9:42.8 / 駅伝加味:SB9:42.8(w=0.47)+荒玉2025 9:34.0@2.9km(2025-10-15)→比例10:03.2(w=0.55)→加重9:53.8 / 3000mトラック優先:9:42.77@2026/09/21→区間3km比例9:42.8+5s=9:47.8（計算9:53.8より速い） →予想9:47.8,prior_year+nagomi,2026-09-27,152
男子,荒尾第四中,2,2.855,本戸 優貴,564.3,9:24.3,—,—,—,※仮 / SBなし（トラック5ヶ月窓内記録なし） / 駅伝加味:荒玉2025 10:02.0@3.0km(2025-10-15)→比例9:32.9(w=0.55)→加重9:32.9 / 前年伸び:荒玉2025 10:02.0@3.0km(2025-10-15)→比例9:32.9×-2%→9:24.3採用（ブレンド9:32.9より速い） →予想9:24.3,prior_year+nagomi,2026-09-27,152
男子,荒尾第四中,3,3.0,谷平 陽生,599.9,9:59.9,—,4:28.10 @2026/06/14,9:54.91 @2026/07/04,※仮 / SB:3000m 9:54.91@2026/07/04→3000m SBを距離比例→区間3km=9:54.9 / 駅伝加味:SB9:54.9(w=0.03)+荒玉2025 11:01.0@3.0km(2025-10-15)→比例11:01.0(w=0.55)→加重10:57.1 / 前年伸び:荒玉2025 11:01.0@3.0km(2025-10-15)→比例11:01.0×-2%→10:51.1採用（ブレンド10:57.1より速い） / 3000mトラック優先:9:54.91@2026/07/04→区間3km比例9:54.9+5s=9:59.9（計算10:51.1より速い） →予想9:59.9,prior_year+nagomi,2026-09-27,152
男子,荒尾第四中,4,3.0,中田 透和,607.2,10:07.2,—,4:31.67 @2026/06/14,10:02.21 @2026/09/21,※仮 / SB:3000m 10:02.21@2026/09/21→3000m SBを距離比例→区間3km=10:02.2 / 駅伝加味:SB10:02.2(w=0.47)+荒玉2025 10:17.0@2.9km(2025-10-15)→比例10:48.3(w=0.55)→加重10:27.1 / 3000mトラック優先:10:02.21@2026/09/21→区間3km比例10:02.2+5s=10:07.2（計算10:27.1より速い） →予想10:07.2,prior_year+nagomi,2026-09-27,152
男子,荒尾第四中,5,2.855,藤井 祐吏,585.3,9:45.3,—,—,—,※仮 / SBなし（トラック5ヶ月窓内記録なし） / 駅伝加味:なごみ 10:15.0@3.0km(2026-09-20)→比例9:45.3(w=0.45)→加重9:45.3 →予想9:45.3,prior_year+nagomi,2026-09-27,152
男子,荒尾第四中,6,3.0,北村 春磨,597.6,9:57.6,—,4:39.06 @2026/07/18,9:52.64 @2026/09/21,※仮 / SB:3000m 9:52.64@2026/09/21→3000m SBを距離比例→区間3km=10:07.8＋区間バイアス+15s / 3000mトラック優先:9:52.64@2026/09/21→区間3km比例9:52.6+5s=9:57.6（計算10:07.8より速い） →予想9:57.6,prior_year+nagomi,2026-09-27,152
男子,荒尾三中,1,3.0,中村大翔,614.6,10:14.6,—,—,—,※仮 / SBなし（トラック5ヶ月窓内記録なし） / 駅伝加味:荒玉2025 10:24.0@3.0km(2025-10-15)→比例10:24.0(w=0.55)→加重10:24.0 / 前年伸び:荒玉2025 10:24.0@3.0km(2025-10-15)→比例10:24.0×-2%→10:14.6採用（ブレンド10:24.0より速い） →予想10:14.6,school_mapped_sb,2026-09-27,152
男子,荒尾三中,2,2.855,田中羚弥,642.0,10:42.0,2:29.86 @2026/07/18,5:12.23 @2026/09/21,—,※仮 / SB:1500m 5:12.23@2026/09/21→1500m SB→3km式を距離比例→区間2.855km=10:42.0＋区間バイアス+14s →予想10:42.0,school_mapped_sb,2026-09-27,152
男子,荒尾三中,3,3.0,,,—,—,—,—,※仮 / 候補不足（同一選手の複数区間は禁止）,school_mapped_sb,2026-09-27,152
男子,荒尾三中,4,3.0,,,—,—,—,—,※仮 / 候補不足（同一選手の複数区間は禁止）,school_mapped_sb,2026-09-27,152
男子,荒尾三中,5,2.855,井形朝陽,665.7,11:05.7,—,5:22.97 @2026/06/14,—,※仮 / SB:1500m 5:22.97@2026/06/14→1500m SB→3km式を距離比例→区間2.855km=11:05.7＋区間バイアス+18s →予想11:05.7,school_mapped_sb,2026-09-27,152
男子,荒尾三中,6,3.0,,,—,—,—,—,※仮 / 候補不足（同一選手の複数区間は禁止）,school_mapped_sb,2026-09-27,152
