gender,team,leg,km,name,grade,pred_sec,pred,baseline_sb_sec,baseline_sb,delta_sec,n_races,latest_race,race_types,prediction_basis,human_adjustment,sb_800,sb_1500,sb_3000,model,as_of
男子,玉名高附,1,3.0,小倉 十和,2,568,9:28,573.1,9:33.1,-5.1,13,2026-09-26,"aragyoku_prior,road_ekiden,track",race_records,ユーザーの追加評価を反映し、5秒速めて柿本より下位を維持（9:28）,—,4:21.99 @2026/05/24,9:28.13 @2026/06/13,aragyoku_2026_formula_v6_context,2026-09-27
男子,玉名高附,2,2.855,中岡 謙太,3,547,9:07,567.5,9:27.5,-20.5,16,2026-09-26,"road,road_ekiden,track",race_records,,—,4:38.55 @2026/04/29,9:51.09 @2026/05/23,aragyoku_2026_formula_v6_context,2026-09-27
男子,玉名高附,3,3.0,草野 瑠唯,3,555,9:15,545.7,9:05.7,+9.3,18,2026-09-26,"aragyoku_prior,road,road_ekiden,track",race_records,,—,4:21.26 @2026/04/29,9:28.42 @2026/06/13,aragyoku_2026_formula_v6_context,2026-09-27
男子,玉名高附,4,3.0,秋原 康秀,3,617,10:17,601.8,10:01.8,+15.2,16,2026-09-20,"aragyoku_prior,road,road_ekiden,track",race_records,,2:05.56 @2026/06/13,4:33.96 @2026/07/04,—,aragyoku_2026_formula_v6_context,2026-09-27
男子,玉名高附,5,2.855,福島 圭希,3,582,9:42,600.1,10:00.1,-18.1,7,2026-09-20,"road_ekiden,track",race_records,,—,4:48.48 @2026/07/04,—,aragyoku_2026_formula_v6_context,2026-09-27
男子,玉名高附,6,3.0,小倉 由宇,1,605,10:05,609.1,10:09.1,-4.1,6,2026-09-26,"road_ekiden,track",race_records,,—,4:43.21 @2026/07/04,—,aragyoku_2026_formula_v6_context,2026-09-27
男子,菊水中,1,3.0,隈部侑成,3,538,8:58,537.5,8:57.5,+0.5,29,2026-09-21,"aragyoku_prior,road_ekiden,track",race_records,ユーザーの1区評価を反映。区間1位とし、柿本・小倉との差を明確化（8:58）,—,4:11.60 @2026/06/14,8:52.46 @2026/09/12,aragyoku_2026_formula_v6_context,2026-09-27
男子,菊水中,2,2.855,川崎大芽,3,608,10:08,615.6,10:15.6,-7.6,13,2026-09-21,"aragyoku_prior,road_ekiden,track",race_records,,2:16.35 @2026/06/13,4:44.25 @2026/06/27,—,aragyoku_2026_formula_v6_context,2026-09-27
男子,菊水中,3,3.0,田中元稀,3,561,9:21,569.2,9:29.2,-8.2,4,2026-09-21,"aragyoku_prior,track",race_records,,—,4:27.00 @2026/09/21,9:24.24 @2026/09/12,aragyoku_2026_formula_v6_context,2026-09-27
男子,菊水中,4,3.0,津口晃誠,2,573,9:33,581.4,9:41.4,-8.4,19,2026-09-21,"road_ekiden,track",race_records,,—,4:30.94 @2026/05/09,9:36.40 @2026/09/12,aragyoku_2026_formula_v6_context,2026-09-27
男子,菊水中,5,2.855,明瀬七跳,3,600,10:00,603.2,10:03.2,-3.2,16,2026-09-21,"road_ekiden,track",race_records,なごみ駅伝で明瀬七跳が10:58、中尾快叶が11:03。中尾の現行予測10:02とほぼ同等か少し速い評価を反映し、10:00に設定,—,4:50.14 @2026/05/09,10:47.15 @2026/06/13,aragyoku_2026_formula_v6_context,2026-09-27
男子,菊水中,6,3.0,松山哲丈,2,595,9:55,599.9,9:59.8,-4.9,4,2026-07-19,track,race_records,2026-09-21の3000m SB 9:54.85を本人記録として反映。SBは所属変更により自動観測から外れていたため、3km予測を9:55に設定,—,4:38.58 @2026/07/19,9:54.85 @2026/09/21,aragyoku_2026_formula_v6_context,2026-09-27
男子,玉陵中,1,3.0,柿本晴仁,2,555,9:15,559.5,9:19.5,-4.5,27,2026-09-21,"aragyoku_prior,road,road_ekiden,track",race_records,ユーザーの追加評価を反映し、5秒速めて小倉より上位を維持（9:15）,—,4:19.41 @2026/06/14,9:14.53 @2026/09/12,aragyoku_2026_formula_v6_context,2026-09-27
男子,玉陵中,2,2.855,松島颯希,3,557,9:17,569.7,9:29.7,-12.7,27,2026-09-21,"aragyoku_prior,road,road_ekiden,track",race_records,,—,4:30.56 @2026/06/14,9:53.36 @2026/09/12,aragyoku_2026_formula_v6_context,2026-09-27
男子,玉陵中,3,3.0,永田來夢,3,554,9:14,561.5,9:21.4,-7.5,26,2026-09-21,"aragyoku_prior,road,road_ekiden,track",race_records,,—,4:20.79 @2026/07/04,9:20.09 @2026/09/12,aragyoku_2026_formula_v6_context,2026-09-27
男子,玉陵中,4,3.0,辛嶋大宙,3,561,9:21,569.4,9:29.4,-8.4,26,2026-09-21,"aragyoku_prior,road,road_ekiden,track",race_records,,—,4:21.59 @2026/07/04,9:24.36 @2026/09/12,aragyoku_2026_formula_v6_context,2026-09-27
男子,玉陵中,5,2.855,小林祐貴,2,562,9:22,573.4,9:33.4,-11.4,20,2026-09-21,"road_ekiden,track",race_records,,—,4:39.04 @2026/07/04,9:57.24 @2026/09/12,aragyoku_2026_formula_v6_context,2026-09-27
男子,玉陵中,6,3.0,宮川晴,2,572,9:32,581.3,9:41.3,-9.3,20,2026-09-21,"road_ekiden,track",race_records,,—,4:29.83 @2026/09/21,9:36.31 @2026/09/12,aragyoku_2026_formula_v6_context,2026-09-27
男子,南関中,1,3.0,永清 芯,2,581,9:41,609.4,10:09.4,-28.4,14,2026-09-26,"road_ekiden,track",race_records,ジュニア男子で玉名高附43:11・南関44:15・岱明44:23。現行予想では南関が玉名高附とほぼ同タイムのため、地区比較を反映して各区+10秒,2:15.06 @2026/06/13,4:33.80 @2026/05/24,9:55.22 @2026/05/09,aragyoku_2026_formula_v6_context,2026-09-27
男子,南関中,2,2.855,猿渡 元喜,2,588,9:48,620.5,10:20.5,-32.5,13,2026-09-26,"road_ekiden,track",race_records,ジュニア男子の学校間比較を反映する南関チーム補正,—,4:50.45 @2026/07/19,—,aragyoku_2026_formula_v6_context,2026-09-27
男子,南関中,3,3.0,大木 蒼介,2,598,9:58,613.5,10:13.5,-15.5,12,2026-09-26,"road_ekiden,track",race_records,ジュニア男子の学校間比較を反映する南関チーム補正,—,4:34.32 @2026/05/24,—,aragyoku_2026_formula_v6_context,2026-09-27
男子,南関中,4,3.0,本多 蒼,2,604,10:04,663.8,11:03.8,-59.8,16,2026-09-26,"road_ekiden,track",race_records,ジュニア男子の学校間比較を反映する南関チーム補正,—,4:46.63 @2026/07/04,10:43.15 @2026/07/18,aragyoku_2026_formula_v6_context,2026-09-27
男子,南関中,5,2.855,村上 葉侑,3,576,9:36,553.4,9:13.4,+22.6,19,2026-09-20,"aragyoku_prior,road,road_ekiden,track",race_records,ジュニア男子の学校間比較を反映する南関チーム補正,—,4:24.54 @2026/07/04,9:46.66 @2026/05/23,aragyoku_2026_formula_v6_context,2026-09-27
男子,南関中,6,3.0,田中 翔大,3,583,9:43,589.7,9:49.7,-6.7,19,2026-09-26,"aragyoku_prior,road,road_ekiden,track",race_records,ジュニア男子の学校間比較を反映する南関チーム補正 / 2026年ジュニア駅伝で田中翔大・田上颯人はともに2.6km 8:26、山本哲瑠は8:34。田上と同等で山本より速い評価を保持。2区2.855kmの9:12を6区3kmへ距離指数1.116866で換算し9:43に設定,—,4:31.64 @2026/07/04,9:24.66 @2026/06/13,aragyoku_2026_formula_v6_context,2026-09-27
男子,岱明中,1,3.0,松野 凛空,3,568,9:28,560.0,9:20.0,+8.0,15,2026-09-26,"aragyoku_prior,road,road_ekiden,track",race_records,,—,4:22.33 @2026/07/04,9:37.84 @2026/06/13,aragyoku_2026_formula_v6_context,2026-09-27
男子,岱明中,2,2.855,山本 哲瑠,2,562,9:22,562.5,9:22.5,-0.5,16,2026-09-26,"aragyoku_prior,road,road_ekiden,track",race_records,2026-09-29ユーザー指示により当初の数式予想へ計7秒加算（9:15→9:20→9:22）,—,4:30.13 @2026/06/14,—,aragyoku_2026_formula_v6_context,2026-09-27
男子,岱明中,3,3.0,今村 昇磨,3,585,9:45,581.1,9:41.1,+3.9,18,2026-09-26,"aragyoku_prior,road_ekiden,track",race_records,2026-09-29ユーザー指示により本番予想を9:45に設定,2:15.70 @2026/06/13,4:45.35 @2026/07/19,10:28.92 @2026/07/04,aragyoku_2026_formula_v6_context,2026-09-27
男子,岱明中,4,3.0,田上 颯人,2,585,9:45,580.0,9:40.0,+5.0,15,2026-09-26,"road,road_ekiden,track",race_records,2026-09-29ユーザー指示により本番予想を9:45に設定,—,4:33.6 @2026-08-29,10:24.08 @2026/06/13,aragyoku_2026_formula_v6_context,2026-09-27
男子,岱明中,5,2.855,中尾 快叶,1,595,9:55,619.0,10:19.0,-24.0,8,2026-09-26,"road_ekiden,track",race_records,2026-09-29荒玉駅伝試走で5区2.855km 10:12。伸びてきたとのユーザー評価を反映し、本番予想を10:02から9:55へ7秒速める,—,5:03.56 @2026/07/18,—,aragyoku_2026_formula_v6_context,2026-09-27
男子,岱明中,6,3.0,松本 空羽,2,640,10:40,690.5,11:30.5,-50.5,13,2026-09-26,"road,road_ekiden,track",race_records,2026-09-29荒玉駅伝試走で5区2.855km 10:11。伸びてきたとのユーザー評価を反映。本番6区3kmは距離差を踏まえ10:55から10:40へ15秒速める,—,5:11.17 @2026/07/04,—,aragyoku_2026_formula_v6_context,2026-09-27
男子,玉名中,1,3.0,河野壮大,3,572,9:32,565.4,9:25.4,+6.6,1,2025-10-15,aragyoku_prior,race_records,,—,—,—,aragyoku_2026_formula_v6_context,2026-09-27
男子,玉名中,2,2.855,大原彩透,2,599,9:59,606.2,10:06.2,-7.2,14,2026-09-21,track,race_records,,—,4:53.45 @2026/09/21,11:06.76 @2026/07/18,aragyoku_2026_formula_v6_context,2026-09-27
男子,玉名中,3,3.0,田島航,2,576,9:36,580.9,9:40.9,-4.9,14,2026-09-21,track,race_records,,—,4:22.79 @2026/07/19,9:35.87 @2026/07/04,aragyoku_2026_formula_v6_context,2026-09-27
男子,玉名中,4,3.0,萩原大介,2,601,10:01,620.5,10:20.5,-19.5,2,2026-07-19,track,race_records,,—,4:35.02 @2026/07/19,—,aragyoku_2026_formula_v6_context,2026-09-27
男子,玉名中,5,2.855,林田竜空,3,610,10:10,608.7,10:08.7,+1.3,15,2026-09-21,track,race_records,,—,4:49.94 @2026/07/04,10:34.38 @2026/06/13,aragyoku_2026_formula_v6_context,2026-09-27
男子,玉名中,6,3.0,中村龍之介,2,666,11:06,629.2,10:29.2,+36.8,13,2026-09-21,track,race_records,,—,4:49.48 @2026/07/19,—,aragyoku_2026_formula_v6_context,2026-09-27
男子,天水中,1,3.0,中村七皇,3,619,10:19,659.0,10:59.0,-40.0,12,2026-09-20,"aragyoku_prior,road_ekiden,track",race_records,,—,4:35.49 @2026/07/19,—,aragyoku_2026_formula_v6_context,2026-09-27
男子,天水中,2,2.855,中山喬晴,3,625,10:25,616.8,10:16.8,+8.2,1,2024-10-16,aragyoku_prior,race_records,,—,—,—,aragyoku_2026_formula_v6_context,2026-09-27
男子,天水中,3,3.0,木村幹太,3,594,9:54,579.2,9:39.2,+14.8,14,2026-09-20,"aragyoku_prior,road_ekiden,track",race_records,,—,4:36.63 @2026/07/19,—,aragyoku_2026_formula_v6_context,2026-09-27
男子,天水中,4,3.0,坂口昂輝,3,634,10:34,623.5,10:23.5,+10.5,13,2026-09-20,"aragyoku_prior,road_ekiden,track",race_records,,2:15.85 @2026/07/18,4:44.14 @2026/05/24,—,aragyoku_2026_formula_v6_context,2026-09-27
男子,天水中,5,2.855,宮田明仁,1,730,12:10,714.9,11:54.9,+15.1,4,2026-08-29,track,race_records,,—,5:48.80 @2026/05/24,—,aragyoku_2026_formula_v6_context,2026-09-27
男子,天水中,6,3.0,中村泰夢,1,683,11:23,665.4,11:05.4,+17.6,5,2026-09-20,"road_ekiden,track",race_records,,—,5:07.61 @2026/07/18,—,aragyoku_2026_formula_v6_context,2026-09-27
男子,荒尾海陽中,1,3.0,松本 颯斗,2,598,9:58,633.0,10:33.0,-35.0,14,2026-09-21,"aragyoku_prior,track",race_records,,2:11.61 @2026/07/18,4:37.39 @2026/07/04,10:27.99 @2026/05/09,aragyoku_2026_formula_v6_context,2026-09-27
男子,荒尾海陽中,2,2.855,松井 智義,3,692,11:32,648.3,10:48.3,+43.7,10,2026-08-29,track,race_records,,—,5:15.56 @2026/06/14,—,aragyoku_2026_formula_v6_context,2026-09-27
男子,荒尾海陽中,3,3.0,吉田 理人,2,622,10:22,645.2,10:45.2,-23.2,13,2026-09-21,"aragyoku_prior,track",race_records,,—,4:43.24 @2026/05/24,10:48.12 @2026/05/09,aragyoku_2026_formula_v6_context,2026-09-27
男子,荒尾海陽中,4,3.0,荒木 陽翔,1,675,11:15,683.4,11:23.4,-8.4,4,2026-08-29,track,race_records,,—,5:06.46 @2026/07/18,—,aragyoku_2026_formula_v6_context,2026-09-27
男子,荒尾海陽中,5,2.855,宮原 維吹,2,681,11:21,657.5,10:57.5,+23.5,2,2026-08-29,track,race_records,,—,5:18.63 @2026/06/14,—,aragyoku_2026_formula_v6_context,2026-09-27
男子,荒尾海陽中,6,3.0,林田 光司,1,709,11:49,674.7,11:14.7,+34.3,7,2026-08-29,track,race_records,,2:38.19 @2026/07/18,5:12.24 @2026/06/13,—,aragyoku_2026_formula_v6_context,2026-09-27
男子,荒尾第四中,1,3.0,藤原 尚己,3,577,9:37,587.8,9:47.8,-10.8,21,2026-09-21,"aragyoku_prior,road_ekiden,track",race_records,,—,4:21.88 @2026/07/19,9:42.77 @2026/09/21,aragyoku_2026_formula_v6_context,2026-09-27
男子,荒尾第四中,2,2.855,宮崎 晃仁,1,584,9:44,595.2,9:55.2,-11.2,5,2026-09-21,"road_ekiden,track",race_records,,—,4:59.65 @2026/07/18,10:20.19 @2026/09/21,aragyoku_2026_formula_v6_context,2026-09-27
男子,荒尾第四中,3,3.0,谷平 陽生,3,595,9:55,599.9,9:59.9,-4.9,19,2026-09-21,"aragyoku_prior,road_ekiden,track",race_records,,—,4:28.10 @2026/06/14,9:54.91 @2026/07/04,aragyoku_2026_formula_v6_context,2026-09-27
男子,荒尾第四中,4,3.0,中田 透和,3,604,10:04,607.2,10:07.2,-3.2,13,2026-09-21,"aragyoku_prior,road_ekiden,track",race_records,,—,4:31.67 @2026/06/14,10:02.21 @2026/09/21,aragyoku_2026_formula_v6_context,2026-09-27
男子,荒尾第四中,5,2.855,藤井 祐吏,3,572,9:32,585.3,9:45.3,-13.3,1,2026-09-20,road_ekiden,race_records,,—,—,—,aragyoku_2026_formula_v6_context,2026-09-27
男子,荒尾第四中,6,3.0,北村 春磨,1,594,9:54,597.6,9:57.6,-3.6,8,2026-09-21,"road_ekiden,track",race_records,,—,4:39.06 @2026/07/18,9:52.64 @2026/09/21,aragyoku_2026_formula_v6_context,2026-09-27
男子,荒尾三中,1,3.0,中村大翔,3,622,10:22,614.6,10:14.6,+7.4,1,2025-10-15,aragyoku_prior,race_records,,—,—,—,aragyoku_2026_formula_v6_context,2026-09-27
男子,荒尾三中,2,2.855,田中羚弥,2,637,10:37,642.0,10:42.0,-5.0,9,2026-09-21,track,race_records,,2:29.86 @2026/07/18,5:12.23 @2026/09/21,—,aragyoku_2026_formula_v6_context,2026-09-27
男子,荒尾三中,3,3.0,,,,—,,—,,0,,,unavailable,,—,—,—,aragyoku_2026_formula_v6_context,2026-09-27
男子,荒尾三中,4,3.0,,,,—,,—,,0,,,unavailable,,—,—,—,aragyoku_2026_formula_v6_context,2026-09-27
男子,荒尾三中,5,2.855,井形朝陽,2,674,11:14,665.7,11:05.7,+8.3,7,2026-07-19,track,race_records,,—,5:22.97 @2026/06/14,—,aragyoku_2026_formula_v6_context,2026-09-27
男子,荒尾三中,6,3.0,,,,—,,—,,0,,,unavailable,,—,—,—,aragyoku_2026_formula_v6_context,2026-09-27
