gender,team,leg,km,name,pred_sec,pred,baseline_sb_sec,baseline_sb,delta_sec,n_races,latest_race,race_types,prediction_basis,sb_800,sb_1500,sb_3000,model,as_of
女子,南関中,1,3.0,福山 結衣,654.9,10:54.9,613.0,10:13.0,+41.9,12,2026-09-26,"aragyoku_prior,road_ekiden,track",race_records,2:28.50 @2026/07/19,—,—,aragyoku_2026_formula_v4,2026-09-27
女子,南関中,2,1.855,米田 美空,392.5,6:32.5,426.6,7:06.6,-34.1,11,2026-09-26,"aragyoku_prior,road_ekiden,track",race_records,2:41.35 @2026/07/19,—,—,aragyoku_2026_formula_v4,2026-09-27
女子,南関中,3,2.0,平山 結菜,448.5,7:28.5,460.0,7:40.0,-11.5,12,2026-09-26,"road_ekiden,track",race_records,2:43.98 @2026/06/14,—,—,aragyoku_2026_formula_v4,2026-09-27
女子,南関中,4,2.0,原賀 美和,470.0,7:50.0,473.0,7:53.0,-3.0,1,2026-09-20,road_ekiden,race_records,—,—,—,aragyoku_2026_formula_v4,2026-09-27
女子,南関中,5,3.0,堀田 稔々,636.7,10:36.7,650.2,10:50.2,-13.5,19,2026-09-26,"aragyoku_prior,road_ekiden,track",race_records,2:33.22 @2026/05/24,5:18.00 @2026/07/18,—,aragyoku_2026_formula_v4,2026-09-27
女子,岱明中,1,3.0,村上 咲稀,652.3,10:52.3,640.5,10:40.5,+11.8,21,2026-09-26,"aragyoku_prior,road,road_ekiden,track",race_records,2:20.11 @2026/05/24,4:53.85 @2026/07/04,—,aragyoku_2026_formula_v4,2026-09-27
女子,岱明中,2,1.855,山﨑 莉奈,411.7,6:51.7,410.0,6:50.0,+1.7,6,2026-09-26,"road_ekiden,track",race_records,2:32.23 @2026/07/19,5:28.8 @2026-08-29,—,aragyoku_2026_formula_v4,2026-09-27
女子,岱明中,3,2.0,角田 亜美,457.3,7:37.3,454.7,7:34.7,+2.6,15,2026-09-26,"aragyoku_prior,road,road_ekiden,track",race_records,2:39.42 @2026/05/24,5:31.34 @2026/07/18,—,aragyoku_2026_formula_v4,2026-09-27
女子,岱明中,4,2.0,増岡 里俐,455.6,7:35.6,444.8,7:24.8,+10.8,11,2026-09-26,"aragyoku_prior,road_ekiden,track",race_records,2:38.96 @2026/05/24,5:34.40 @2026/07/04,—,aragyoku_2026_formula_v4,2026-09-27
女子,岱明中,5,3.0,高田 麻由,693.3,11:33.3,678.2,11:18.2,+15.1,13,2026-09-26,"aragyoku_prior,road,road_ekiden,track",race_records,—,5:10.80 @2026/07/18,—,aragyoku_2026_formula_v4,2026-09-27
女子,玉名高附,1,3.0,大木 莉子,631.4,10:31.4,620.5,10:20.6,+10.9,18,2026-08-29,"aragyoku_prior,road_ekiden,track",race_records,2:22.66 @2026/07/19,4:52.55 @2026/07/04,—,aragyoku_2026_formula_v4,2026-09-27
女子,玉名高附,2,1.855,田口 心晴,476.3,7:56.3,479.0,7:59.0,-2.7,4,2026-09-26,"road_ekiden,track",race_records,2:54.79 @2026/06/14,—,—,aragyoku_2026_formula_v4,2026-09-27
女子,玉名高附,3,2.0,永江 春花,522.6,8:42.6,535.9,8:55.9,-13.3,2,2026-06-14,track,race_records,3:05.92 @2026/05/24,—,—,aragyoku_2026_formula_v4,2026-09-27
女子,玉名高附,4,2.0,中山 結葵,522.6,8:42.6,,—,,2,2026-09-26,road_ekiden,race_records,—,—,—,aragyoku_2026_formula_v4,2026-09-27
女子,玉名高附,5,3.0,戸谷 美月,708.9,11:48.9,724.9,12:04.9,-16.0,8,2026-09-20,"road_ekiden,track",race_records,2:41.95 @2026/06/14,5:32.64 @2026/07/04,—,aragyoku_2026_formula_v4,2026-09-27
女子,菊水中,1,3.0,森心雅,732.8,12:12.8,706.1,11:46.1,+26.7,7,2026-09-20,"road_ekiden,track",race_records,2:35.82 @2026/06/14,5:31.41 @2026/07/04,—,aragyoku_2026_formula_v4,2026-09-27
女子,菊水中,2,1.855,高集穂花,423.0,7:03.0,423.0,7:03.0,+0.0,1,2025-10-15,aragyoku_prior,race_records,—,—,—,aragyoku_2026_formula_v4,2026-09-27
女子,菊水中,3,2.0,秀島礼亜,446.5,7:26.5,456.5,7:36.5,-10.0,1,2026-05-24,track,race_records,2:38.92 @2026/05/24,—,—,aragyoku_2026_formula_v4,2026-09-27
女子,菊水中,4,2.0,金澤朱里,463.9,7:43.9,469.5,7:49.5,-5.6,17,2026-09-21,"aragyoku_prior,road_ekiden,track",race_records,2:50.30 @2026/04/29,5:52.65 @2026/05/09,—,aragyoku_2026_formula_v4,2026-09-27
女子,菊水中,5,3.0,荒木陽依,719.6,11:59.6,681.1,11:21.1,+38.5,1,2025-10-15,aragyoku_prior,race_records,—,—,—,aragyoku_2026_formula_v4,2026-09-27
女子,玉陵中,1,3.0,居石華音,610.9,10:10.9,608.7,10:08.7,+2.2,26,2026-09-21,"aragyoku_prior,road_ekiden,track",race_records,2:21.26 @2026/07/19,4:48.25 @2026/09/21,—,aragyoku_2026_formula_v4,2026-09-27
女子,玉陵中,2,1.855,松本倫甲,468.7,7:48.7,468.7,7:48.7,+0.0,1,2025-10-15,aragyoku_prior,race_records,—,—,—,aragyoku_2026_formula_v4,2026-09-27
女子,玉陵中,3,2.0,田上千乃,525.9,8:45.9,508.7,8:28.7,+17.2,2,2025-10-15,aragyoku_prior,race_records,—,—,—,aragyoku_2026_formula_v4,2026-09-27
女子,玉陵中,4,2.0,高田奈和,515.7,8:35.7,511.2,8:31.2,+4.5,1,2025-10-15,aragyoku_prior,race_records,—,—,—,aragyoku_2026_formula_v4,2026-09-27
女子,玉陵中,5,3.0,永田珠莉,744.8,12:24.8,758.3,12:38.3,-13.5,5,2026-09-21,track,race_records,2:47.69 @2026/06/14,5:49.33 @2026/09/21,—,aragyoku_2026_formula_v4,2026-09-27
女子,天水中,1,3.0,田尻雛菜乃,707.5,11:47.5,702.0,11:42.0,+5.5,6,2026-09-20,"road_ekiden,track",race_records,2:34.32 @2026/07/19,—,—,aragyoku_2026_formula_v4,2026-09-27
女子,天水中,2,1.855,浦田咲希,436.0,7:16.0,463.5,7:43.5,-27.5,9,2025-10-15,"aragyoku_prior,road_ekiden,track",race_records,—,—,—,aragyoku_2026_formula_v4,2026-09-27
女子,天水中,3,2.0,山本桜愛,463.7,7:43.7,484.9,8:04.9,-21.2,6,2026-09-20,"road_ekiden,track",race_records,2:48.57 @2026/07/19,—,—,aragyoku_2026_formula_v4,2026-09-27
女子,天水中,4,2.0,竹原晴美,481.7,8:01.7,502.3,8:22.4,-20.6,11,2026-09-20,"aragyoku_prior,road_ekiden,track",race_records,2:53.45 @2026/06/14,—,—,aragyoku_2026_formula_v4,2026-09-27
女子,天水中,5,3.0,花谷明優,733.9,12:13.9,744.7,12:24.7,-10.8,13,2026-09-20,"aragyoku_prior,road_ekiden,track",race_records,2:45.47 @2026/05/24,5:43.23 @2026/07/18,—,aragyoku_2026_formula_v4,2026-09-27
女子,荒尾海陽中,1,3.0,中尾菜々,731.6,12:11.6,686.6,11:26.6,+45.0,1,2025-10-15,aragyoku_prior,race_records,—,—,—,aragyoku_2026_formula_v4,2026-09-27
女子,荒尾海陽中,2,1.855,前田凛子,436.4,7:16.4,446.9,7:26.9,-10.5,4,2026-08-29,track,race_records,2:43.02 @2026/06/14,—,—,aragyoku_2026_formula_v4,2026-09-27
女子,荒尾海陽中,3,2.0,石川葵葉,480.3,8:00.3,491.9,8:11.9,-11.6,1,2026-06-14,track,race_records,2:50.95 @2026/06/14,—,—,aragyoku_2026_formula_v4,2026-09-27
女子,荒尾海陽中,4,2.0,今村心晴,484.2,8:04.2,515.0,8:35.0,-30.8,1,2026-04-29,track,race_records,2:52.33 @2026/04/29,—,—,aragyoku_2026_formula_v4,2026-09-27
女子,荒尾海陽中,5,3.0,三原悠愛,715.4,11:55.4,669.3,11:09.3,+46.1,8,2026-08-29,"aragyoku_prior,track",race_records,2:41.31 @2026/06/14,5:37.53 @2026/04/29,—,aragyoku_2026_formula_v4,2026-09-27
女子,荒尾三中,1,3.0,庄山 瑠那,603.5,10:03.5,591.5,9:51.5,+12.0,30,2026-09-21,"aragyoku_prior,road_ekiden,track",race_records,2:22.22 @2026/05/24,4:39.17 @2026/08/05,—,aragyoku_2026_formula_v4,2026-09-27
女子,荒尾三中,2,1.855,平 夢花,439.0,7:19.0,450.0,7:30.0,-11.0,3,2026-09-21,track,race_records,2:50.75 @2026/07/19,5:51.08 @2026/09/21,—,aragyoku_2026_formula_v4,2026-09-27
女子,荒尾三中,3,2.0,内野 沙笑,441.0,7:21.0,465.6,7:45.6,-24.6,8,2026-09-21,"aragyoku_prior,track",race_records,2:36.71 @2026/05/24,5:24.69 @2026/09/21,—,aragyoku_2026_formula_v4,2026-09-27
女子,荒尾三中,4,2.0,佐藤 妃葵,435.7,7:15.7,436.4,7:16.4,-0.7,9,2026-09-21,"aragyoku_prior,track",race_records,2:36.01 @2026/07/19,5:22.58 @2026/09/21,—,aragyoku_2026_formula_v4,2026-09-27
女子,荒尾三中,5,3.0,福島 志帆,654.5,10:54.5,664.9,11:04.9,-10.4,12,2026-09-21,"aragyoku_prior,track",race_records,2:30.77 @2026/07/19,5:05.74 @2026/09/21,—,aragyoku_2026_formula_v4,2026-09-27
女子,長洲中,1,3.0,猿渡 愛梨,647.6,10:47.6,642.2,10:42.2,+5.4,17,2026-09-21,"aragyoku_prior,road_ekiden,track",race_records,2:35.90 @2026/07/19,5:16.77 @2026/07/04,10:55.81 @2026/09/21,aragyoku_2026_formula_v4,2026-09-27
女子,長洲中,2,1.855,村里 唯花,436.1,7:16.1,432.1,7:12.1,+4.0,8,2026-07-19,"aragyoku_prior,road_ekiden,track",race_records,2:49.00 @2026/06/14,—,—,aragyoku_2026_formula_v4,2026-09-27
女子,長洲中,3,2.0,濱北 愛,430.1,7:10.1,426.5,7:06.5,+3.6,19,2026-09-21,"aragyoku_prior,road_ekiden,track",race_records,2:31.86 @2026/07/19,5:13.86 @2026/07/04,—,aragyoku_2026_formula_v4,2026-09-27
女子,長洲中,4,2.0,山川 綾,419.5,6:59.5,449.2,7:29.2,-29.7,11,2026-07-19,"aragyoku_prior,track",race_records,2:26.83 @2026/06/14,5:22.32 @2026/05/09,—,aragyoku_2026_formula_v4,2026-09-27
女子,長洲中,5,3.0,中村 羽音,648.5,10:48.5,658.0,10:58.0,-9.5,18,2026-09-21,"aragyoku_prior,road_ekiden,track",race_records,2:24.44 @2026/07/19,5:09.38 @2026/09/21,—,aragyoku_2026_formula_v4,2026-09-27
女子,玉名中,1,3.0,清藤 結唯,653.6,10:53.6,664.9,11:04.9,-11.3,22,2026-09-21,"road_ekiden,track",race_records,2:26.72 @2026/06/14,4:54.56 @2026/07/04,11:11.08 @2026/09/21,aragyoku_2026_formula_v4,2026-09-27
女子,玉名中,2,1.855,亀木,394.7,6:34.7,394.7,6:34.7,-0.0,1,2025-10-15,aragyoku_prior,prior_year_B_provisional,—,—,—,aragyoku_2026_formula_v4,2026-09-27
女子,玉名中,3,2.0,川原 芽吹,441.0,7:21.0,449.5,7:29.5,-8.5,11,2026-09-21,"aragyoku_prior,track",race_records,2:38.25 @2026/07/19,5:38.58 @2026/09/21,—,aragyoku_2026_formula_v4,2026-09-27
女子,玉名中,4,2.0,結菜,445.1,7:25.1,441.3,7:21.3,+3.8,1,2025-10-15,aragyoku_prior,prior_year_B_provisional,—,—,—,aragyoku_2026_formula_v4,2026-09-27
女子,玉名中,5,3.0,水本 星夏,659.7,10:59.7,654.0,10:54.0,+5.7,1,2025-10-15,aragyoku_prior,race_records,—,—,—,aragyoku_2026_formula_v4,2026-09-27
