日付,カテゴリ,内容,距離,備考,列 2,列 3,列 4,列 5,列 6,列 7,列 8,列 9,列 10,列 11,列 12,列 13,列 14,列 15,列 16,列 17,列 18,列 19,列 20,列 21,列 22,列 23
2025/10/11,中強度の持久走,"動きづくり
男子12周、女子10周
2:14-2:16-2:19-2:21-2:18-2:20-2:17-2:19-2:14-2:09-2:02-1:56（6.23km、k/4:19、ラップ平均2:13）
流し
",,,,,,,,,,,,,,,,,,,,,,,,
2025/11/15,インターバル,"動きづくり
6周
2:49-2:46-2:47-2:46-2:47-2:46（3.26km、k/5:08）
スピード練習
土山は900m4本走ったが、生徒によって3+3+3、3+3+2、3+2+2、3+1+1といった具合。間は3分。
1本目　72.0-71.5-73.9
2本目　65.6-65.6-65.8
3本目　60.2-58.3-60.1
4本目　53.8-55.8-54.6",,村上は3本目を2周。田上は60で3本のラストは上げられていた。松野は最後も3周いった。次回以降は、各自の周回を増やすか、1本目66からの4本目54の3秒ずつ上げなどができれば。塚原は疲労骨折手前だったとのこと。オーバーワークにならずにコツコツと負荷を高めていきたい。,,,,,,,,,,,,,,,,,,,,,,
2025/12/20,ジョグ,"ロングジョグ女子15周8.4km、男子17周9.53km（48:42、k/5:07）
流し",,,,,,,,,,,,,,,,,,,,,,,,
2025/12/27,インターバル,"動きづくり
6周
2:48-2:46-2:42-2:53-2:53-2:47（3.33km、k/5:03）
男子 1680m + 1120m
女子 1120m + 560m
1周2:10秒組と1:55秒組（松野と山本）",,2:10秒組は少しキツそうだった。田上はほぼできていた。松野と山本もほぼいけていた。松野はスタミナに課題。山本は離れても粘れる。,,,,,,,,,,,,,,,,,,,,,,
2025/12/30,T.T.,"3km
山本哲瑠 10:11
田上颯人 10:50
増岡里俐 11:38
松本空羽 11:41
角田亜美 11:53
田中智稀 11:55
中尾快叶 12:18
塚原優衣 12:33
柴尾希乃 13:42

4km
松野凛空 13:42
村上咲稀 15:28
高田麻由 16:37",,最初は長いかなと感じたが、無事完走。長く走れるようになってきている。本田くんが最後まで完走したのにはびっくりした。ケガにはお互い注意を払いたい。,,,,,,,,,,,,,,,,,,,,,,
2026/1/10,刺激,"動きづくり
6周（2:45.1-2:49.6-2:47.9-2:45.8-2:44.1-2:43.5）3.29km k/5:03
刺激　ラスト1周は上げれる生徒は上げる
男子2160m（1:54.6-1:53.0-1:58.3-1:54.7）田上ペース、山本と松野は50mくらい前
女子1620m（2:06-2:10-1:58?）田中と走ったので自分は4周　自分が3周目は2:10だったので村上は2分切るくらいか",5,,,,,,,,,,,,,,,,,,,,,,,
2026/02/23,600m,動きづくり、6周(1周2:30)、600m3本(1周66組と72組),,,,,,,,,,,,,,,,,,,,,,,,
2026/09/11,ジョグ,"動きづくり
男子7840mジョグ、女子6720mジョグ（k/5:00）
流し2本",,,,,,,,,,,,,,,,,,,,,,,,
